group,id,url,bytes,sha256,downloaded_utc,file
miloi,94cebaaa7fd3e070f8040620975554c3067651ef,https://raw.githubusercontent.com/Bin501/CNSFM/94cebaaa7fd3e070f8040620975554c3067651ef/Dataset/S1/Image_illumination_angles.xlsx,9655,0254fcc60a266f08e8ec0069d360a045212c95f97613a5533b04ea5f7b3117d3,2026-09-18T08:05:44+00:00,Image_illumination_angles.xlsx
miloi,94cebaaa7fd3e070f8040620975554c3067651ef,https://raw.githubusercontent.com/Bin501/CNSFM/94cebaaa7fd3e070f8040620975554c3067651ef/Dataset/S1/M102285549LE.craters,3968,de27de721cc8adc0655f079c46cb541d962cb41dd0b50eca517ab5f08c2f01d9,2026-09-18T08:05:44+00:00,M102285549LE.craters
miloi,94cebaaa7fd3e070f8040620975554c3067651ef,https://raw.githubusercontent.com/Bin501/CNSFM/94cebaaa7fd3e070f8040620975554c3067651ef/Dataset/S1/M102285549LE.tif,348404,509fca16d5df6470ea51eac684d49b09c75e3d974b6f15fa6247584af351a37e,2026-09-18T08:05:44+00:00,M102285549LE.tif
miloi,94cebaaa7fd3e070f8040620975554c3067651ef,https://raw.githubusercontent.com/Bin501/CNSFM/94cebaaa7fd3e070f8040620975554c3067651ef/Dataset/S1/M1142582775RE.craters,5780,313679f91306892e25e16948d1d99b9a1db55cd98b815fa9f6568d80af1e122b,2026-09-18T08:05:45+00:00,M1142582775RE.craters
miloi,94cebaaa7fd3e070f8040620975554c3067651ef,https://raw.githubusercontent.com/Bin501/CNSFM/94cebaaa7fd3e070f8040620975554c3067651ef/Dataset/S1/M1142582775RE.tif,445176,e7e28241a0fe069e96c70c059cb9d83c1638d0a4739377c8c6217db33e12b116,2026-09-18T08:05:45+00:00,M1142582775RE.tif
miloi,94cebaaa7fd3e070f8040620975554c3067651ef,https://raw.githubusercontent.com/Bin501/CNSFM/94cebaaa7fd3e070f8040620975554c3067651ef/Dataset/S1/M1144950543LE.craters,4633,8f1b21431b1d4f163d247f9f956a245da2fa26d813665d65cc66b56a7a3e9e75,2026-09-18T08:05:46+00:00,M1144950543LE.craters
miloi,94cebaaa7fd3e070f8040620975554c3067651ef,https://raw.githubusercontent.com/Bin501/CNSFM/94cebaaa7fd3e070f8040620975554c3067651ef/Dataset/S1/M1144950543LE.tif,413106,9e8fb8b1c93f05da9e3707a1fae86f9d7cbb2b8713905dcba3e3245351528f63,2026-09-18T08:05:46+00:00,M1144950543LE.tif
miloi,94cebaaa7fd3e070f8040620975554c3067651ef,https://raw.githubusercontent.com/Bin501/CNSFM/94cebaaa7fd3e070f8040620975554c3067651ef/Dataset/S1/M1154358210RE.craters,6662,f24de2a67c04582aef0429b9d69b9e21f47a834e2134ce6ecced417d8fa19f11,2026-09-18T08:05:46+00:00,M1154358210RE.craters
miloi,94cebaaa7fd3e070f8040620975554c3067651ef,https://raw.githubusercontent.com/Bin501/CNSFM/94cebaaa7fd3e070f8040620975554c3067651ef/Dataset/S1/M1154358210RE.tif,462001,78ef32448f390fcf9ccc64dccc55ae5e9e883037066936f2f579f90d95205090,2026-09-18T08:05:47+00:00,M1154358210RE.tif
miloi,94cebaaa7fd3e070f8040620975554c3067651ef,https://raw.githubusercontent.com/Bin501/CNSFM/94cebaaa7fd3e070f8040620975554c3067651ef/Dataset/S1/M1164944600RE.craters,4945,f3d352a18ff48ba51da6207c053b77e85ca9d1838830d02657ee74b4ff1ed9d3,2026-09-18T08:05:47+00:00,M1164944600RE.craters
miloi,94cebaaa7fd3e070f8040620975554c3067651ef,https://raw.githubusercontent.com/Bin501/CNSFM/94cebaaa7fd3e070f8040620975554c3067651ef/Dataset/S1/M1164944600RE.tif,427357,47b7e050eecfdc17ff82e81d22ab0a40b48f617680dee015fc06713e33145e5f,2026-09-18T08:05:48+00:00,M1164944600RE.tif
miloi,94cebaaa7fd3e070f8040620975554c3067651ef,https://raw.githubusercontent.com/Bin501/CNSFM/94cebaaa7fd3e070f8040620975554c3067651ef/Dataset/S1/M1259058367LE.craters,11224,331bd04a1ef81418deb57521531a26fadd73203ca2dcdd69e74f81997e073f0a,2026-09-18T08:05:48+00:00,M1259058367LE.craters
miloi,94cebaaa7fd3e070f8040620975554c3067651ef,https://raw.githubusercontent.com/Bin501/CNSFM/94cebaaa7fd3e070f8040620975554c3067651ef/Dataset/S1/M1259058367LE.tif,782668,c7908a296dee30570b9e99b3b26778909bd2278b25d2044df9f3d9b2855ada4b,2026-09-18T08:05:49+00:00,M1259058367LE.tif
miloi,94cebaaa7fd3e070f8040620975554c3067651ef,https://raw.githubusercontent.com/Bin501/CNSFM/94cebaaa7fd3e070f8040620975554c3067651ef/Dataset/S1/M1276733320LE.craters,8645,a461fddbe503c7410ab1cae9af9f270712059a0a247132c7d202e06b91714199,2026-09-18T08:05:49+00:00,M1276733320LE.craters
miloi,94cebaaa7fd3e070f8040620975554c3067651ef,https://raw.githubusercontent.com/Bin501/CNSFM/94cebaaa7fd3e070f8040620975554c3067651ef/Dataset/S1/M1276733320LE.tif,795093,0110a58af770d891c84be91f0ad8946e849f3e183117585f5eeff9b8bb0b40e1,2026-09-18T08:05:50+00:00,M1276733320LE.tif
miloi,94cebaaa7fd3e070f8040620975554c3067651ef,https://raw.githubusercontent.com/Bin501/CNSFM/94cebaaa7fd3e070f8040620975554c3067651ef/Dataset/S1/M1317830479LE.craters,12193,050d7e058ebbe79690ef80cc83f1b675e5929a14263539c1ce60232d32f61be1,2026-09-18T08:05:50+00:00,M1317830479LE.craters
miloi,94cebaaa7fd3e070f8040620975554c3067651ef,https://raw.githubusercontent.com/Bin501/CNSFM/94cebaaa7fd3e070f8040620975554c3067651ef/Dataset/S1/M1317830479LE.tif,982452,ac948e817493c8f6b9a1b6c6f07584a90d60fccfe0b106fd2a9939173998939c,2026-09-18T08:05:51+00:00,M1317830479LE.tif
miloi,94cebaaa7fd3e070f8040620975554c3067651ef,https://raw.githubusercontent.com/Bin501/CNSFM/94cebaaa7fd3e070f8040620975554c3067651ef/Dataset/S1/M1328449896RE.craters,8809,22abb94086aa7f0e2ecb4bfe2f3b0d7e569e6035c1bb1ea01f649d2a3598f811,2026-09-18T08:05:51+00:00,M1328449896RE.craters
miloi,94cebaaa7fd3e070f8040620975554c3067651ef,https://raw.githubusercontent.com/Bin501/CNSFM/94cebaaa7fd3e070f8040620975554c3067651ef/Dataset/S1/M1328449896RE.tif,868081,36d01e5aebd171ae6841fcc260c4657c0a9ebb00d1128c62919470ec7b7ff20d,2026-09-18T08:05:53+00:00,M1328449896RE.tif
miloi,94cebaaa7fd3e070f8040620975554c3067651ef,https://raw.githubusercontent.com/Bin501/CNSFM/94cebaaa7fd3e070f8040620975554c3067651ef/Dataset/S1/M1389516184RE.craters,9786,5c360b9d128bef678dcc0a6e007f90034f1b20c0455aea7c717354e00c5aa863,2026-09-18T08:05:53+00:00,M1389516184RE.craters
miloi,94cebaaa7fd3e070f8040620975554c3067651ef,https://raw.githubusercontent.com/Bin501/CNSFM/94cebaaa7fd3e070f8040620975554c3067651ef/Dataset/S1/M1389516184RE.tif,996374,39efb96d11c218e5776073b8b580e7f6e9786f9146d464fc60bf46fab64e927f,2026-09-18T08:05:54+00:00,M1389516184RE.tif
miloi,94cebaaa7fd3e070f8040620975554c3067651ef,https://raw.githubusercontent.com/Bin501/CNSFM/94cebaaa7fd3e070f8040620975554c3067651ef/Dataset/S1/list_images.txt,319,fb31c818a4cacb4c94600dcf3abc4c5e0a6c7279304677d1004c16d9792f6c52,2026-09-18T08:05:55+00:00,list_images.txt
miloi,94cebaaa7fd3e070f8040620975554c3067651ef,https://raw.githubusercontent.com/Bin501/CNSFM/94cebaaa7fd3e070f8040620975554c3067651ef/Dataset/S2/Image_illumination_angles.xlsx,9658,d3633a451a50366c450f253424179384bceef2f9da2ff9d1f03891249053ee8b,2026-09-18T08:05:55+00:00,Image_illumination_angles.xlsx
miloi,94cebaaa7fd3e070f8040620975554c3067651ef,https://raw.githubusercontent.com/Bin501/CNSFM/94cebaaa7fd3e070f8040620975554c3067651ef/Dataset/S2/M102014464RE.craters,10507,d60f42d621b907c4d416931fbfe9583cf97b392a58b5ef2ad8e3dc96b100fe18,2026-09-18T08:05:55+00:00,M102014464RE.craters
miloi,94cebaaa7fd3e070f8040620975554c3067651ef,https://raw.githubusercontent.com/Bin501/CNSFM/94cebaaa7fd3e070f8040620975554c3067651ef/Dataset/S2/M102014464RE.tif,687582,712be8d62ef91c4e53d03f44b1b5219d231fcd6f6cbcecc8196a3d83195cf210,2026-09-18T08:05:56+00:00,M102014464RE.tif
miloi,94cebaaa7fd3e070f8040620975554c3067651ef,https://raw.githubusercontent.com/Bin501/CNSFM/94cebaaa7fd3e070f8040620975554c3067651ef/Dataset/S2/M1114021499RE.craters,13183,5515f19399236cd4cacdedcfcfac8837e0093f7f521aab42c0d858d2f062b53f,2026-09-18T08:05:56+00:00,M1114021499RE.craters
miloi,94cebaaa7fd3e070f8040620975554c3067651ef,https://raw.githubusercontent.com/Bin501/CNSFM/94cebaaa7fd3e070f8040620975554c3067651ef/Dataset/S2/M1114021499RE.tif,928713,ceb6586ef80a1adccc4edd062517e6a12a97a6e5098a0cd948aa9e0ac04b7ba9,2026-09-18T08:05:57+00:00,M1114021499RE.tif
miloi,94cebaaa7fd3e070f8040620975554c3067651ef,https://raw.githubusercontent.com/Bin501/CNSFM/94cebaaa7fd3e070f8040620975554c3067651ef/Dataset/S2/M1116372683LE.craters,10031,9863c83131c5808df908deb5c8bacb4c5dc6fc1033703a8d251ab1b668d6182d,2026-09-18T08:05:57+00:00,M1116372683LE.craters
miloi,94cebaaa7fd3e070f8040620975554c3067651ef,https://raw.githubusercontent.com/Bin501/CNSFM/94cebaaa7fd3e070f8040620975554c3067651ef/Dataset/S2/M1116372683LE.tif,1060180,878d869947db776af2ae6947fb6017171c38d5796f4383fa2fb520d6853bdc97,2026-09-18T08:05:58+00:00,M1116372683LE.tif
miloi,94cebaaa7fd3e070f8040620975554c3067651ef,https://raw.githubusercontent.com/Bin501/CNSFM/94cebaaa7fd3e070f8040620975554c3067651ef/Dataset/S2/M1129340193RE.craters,13089,2defbfcb0e75a36c929161f581a6c378feac4e964f7a1ce47fba53d9c908a9ad,2026-09-18T08:05:58+00:00,M1129340193RE.craters
miloi,94cebaaa7fd3e070f8040620975554c3067651ef,https://raw.githubusercontent.com/Bin501/CNSFM/94cebaaa7fd3e070f8040620975554c3067651ef/Dataset/S2/M1129340193RE.tif,952950,ed35ec40d562278e5aa2a2bd54ac941bfc9dc0c93787d028455367723c6533da,2026-09-18T08:05:59+00:00,M1129340193RE.tif
miloi,94cebaaa7fd3e070f8040620975554c3067651ef,https://raw.githubusercontent.com/Bin501/CNSFM/94cebaaa7fd3e070f8040620975554c3067651ef/Dataset/S2/M1134046721RE.craters,8562,e60165c8b6cc0767754a1dbba46e8a1c798b3487e28c58285f9a313a16b9dd30,2026-09-18T08:05:59+00:00,M1134046721RE.craters
miloi,94cebaaa7fd3e070f8040620975554c3067651ef,https://raw.githubusercontent.com/Bin501/CNSFM/94cebaaa7fd3e070f8040620975554c3067651ef/Dataset/S2/M1134046721RE.tif,1004376,7743b826f8d78777add361719c1f33cdda1fe9e4d0c115e7294fc4237da7549d,2026-09-18T08:06:00+00:00,M1134046721RE.tif
miloi,94cebaaa7fd3e070f8040620975554c3067651ef,https://raw.githubusercontent.com/Bin501/CNSFM/94cebaaa7fd3e070f8040620975554c3067651ef/Dataset/S2/M113799518RE.craters,30374,83f226098d15d6d2e161f3b84f7fb2573a07babcb06e9db14b639ec192f8e530,2026-09-18T08:06:01+00:00,M113799518RE.craters
miloi,94cebaaa7fd3e070f8040620975554c3067651ef,https://raw.githubusercontent.com/Bin501/CNSFM/94cebaaa7fd3e070f8040620975554c3067651ef/Dataset/S2/M113799518RE.tif,3821668,738e2803c4b07edfec8d042a0581068d844ef923a64f7cc4575a3f38e0039b47,2026-09-18T08:06:02+00:00,M113799518RE.tif
miloi,94cebaaa7fd3e070f8040620975554c3067651ef,https://raw.githubusercontent.com/Bin501/CNSFM/94cebaaa7fd3e070f8040620975554c3067651ef/Dataset/S2/M122054682RE.craters,38224,50db12243d6046677b41c69d26bc2205d8ea332bab04397ef68187a4ac9c9fef,2026-09-18T08:06:03+00:00,M122054682RE.craters
miloi,94cebaaa7fd3e070f8040620975554c3067651ef,https://raw.githubusercontent.com/Bin501/CNSFM/94cebaaa7fd3e070f8040620975554c3067651ef/Dataset/S2/M122054682RE.tif,5297478,a144a96e9af04641dc51c133f75a90836eb517d1ffc0a5f622757026401c8e6d,2026-09-18T08:06:05+00:00,M122054682RE.tif
miloi,94cebaaa7fd3e070f8040620975554c3067651ef,https://raw.githubusercontent.com/Bin501/CNSFM/94cebaaa7fd3e070f8040620975554c3067651ef/Dataset/S2/M1277607697LE.craters,11064,c408c1302d18060cc40ca2a0304246ab46f5e5a2dd3f3b5dad2fa4d085d24839,2026-09-18T08:06:05+00:00,M1277607697LE.craters
miloi,94cebaaa7fd3e070f8040620975554c3067651ef,https://raw.githubusercontent.com/Bin501/CNSFM/94cebaaa7fd3e070f8040620975554c3067651ef/Dataset/S2/M1277607697LE.tif,1278490,9ba83557a07c91db6acb8b4368b70fe6fd8bbd438c5ab754a9032fa988d07932,2026-09-18T08:06:06+00:00,M1277607697LE.tif
miloi,94cebaaa7fd3e070f8040620975554c3067651ef,https://raw.githubusercontent.com/Bin501/CNSFM/94cebaaa7fd3e070f8040620975554c3067651ef/Dataset/S2/M150361817RE.craters,45850,fd62ee1282fdafad3b606dc6f32d7f3f97cfde4b1695c6acccae368f07a35bc9,2026-09-18T08:06:06+00:00,M150361817RE.craters
miloi,94cebaaa7fd3e070f8040620975554c3067651ef,https://raw.githubusercontent.com/Bin501/CNSFM/94cebaaa7fd3e070f8040620975554c3067651ef/Dataset/S2/M150361817RE.tif,5993323,2a2d5c59cfa29ef333851d0971c2e024454141d21e7ea83916541d2a4af39084,2026-09-18T08:06:10+00:00,M150361817RE.tif
miloi,94cebaaa7fd3e070f8040620975554c3067651ef,https://raw.githubusercontent.com/Bin501/CNSFM/94cebaaa7fd3e070f8040620975554c3067651ef/Dataset/S2/M175124932RE.craters,91498,1f94ad7d3bca3578ee09232cb32ba9ff70d09ba7bbe31af9ca7a7fc46d4c50f4,2026-09-18T08:06:11+00:00,M175124932RE.craters
miloi,94cebaaa7fd3e070f8040620975554c3067651ef,https://raw.githubusercontent.com/Bin501/CNSFM/94cebaaa7fd3e070f8040620975554c3067651ef/Dataset/S2/M175124932RE.tif,15016954,5d10f8053f92a337ae406645194d8ea0aac1c9df0acb0bcd57c447d25242c2e2,2026-09-18T08:06:23+00:00,M175124932RE.tif
miloi,94cebaaa7fd3e070f8040620975554c3067651ef,https://raw.githubusercontent.com/Bin501/CNSFM/94cebaaa7fd3e070f8040620975554c3067651ef/Dataset/S2/list_images.txt,315,7e8fac92af21eb419e0c9816a2ed7e0c56e2fedc81ab9a5db346136d581c84e7,2026-09-18T08:06:24+00:00,list_images.txt
miloi,94cebaaa7fd3e070f8040620975554c3067651ef,https://raw.githubusercontent.com/Bin501/CNSFM/94cebaaa7fd3e070f8040620975554c3067651ef/Dataset/S3/Image_illumination_angles.xlsx,10908,12322d286c4f88f327f63c09ce4ef2fcfe60ba4cc2c41be6d349b7b4b67a65af,2026-09-18T08:06:24+00:00,Image_illumination_angles.xlsx
miloi,94cebaaa7fd3e070f8040620975554c3067651ef,https://raw.githubusercontent.com/Bin501/CNSFM/94cebaaa7fd3e070f8040620975554c3067651ef/Dataset/S3/M101336051RE.craters,10954,ebeabcd529816985ea1c77bb241c18c517b6ae4835982b3c9376807c02666733,2026-09-18T08:06:25+00:00,M101336051RE.craters
miloi,94cebaaa7fd3e070f8040620975554c3067651ef,https://raw.githubusercontent.com/Bin501/CNSFM/94cebaaa7fd3e070f8040620975554c3067651ef/Dataset/S3/M101336051RE.tif,2615744,78f6498218a670bafe0f74470c967c707a295fb9cb0dc1ad92d0ea23e0f11aee,2026-09-18T08:06:25+00:00,M101336051RE.tif
miloi,94cebaaa7fd3e070f8040620975554c3067651ef,https://raw.githubusercontent.com/Bin501/CNSFM/94cebaaa7fd3e070f8040620975554c3067651ef/Dataset/S3/M103776992LE.craters,18801,758823c43d7daf9978fad9a8e6f3ee689679d1ab481ffd17cbb7a19120eb7405,2026-09-18T08:06:26+00:00,M103776992LE.craters
miloi,94cebaaa7fd3e070f8040620975554c3067651ef,https://raw.githubusercontent.com/Bin501/CNSFM/94cebaaa7fd3e070f8040620975554c3067651ef/Dataset/S3/M103776992LE.tif,2750436,59e39a13971812eb9dd1f9f5e54047e22b69d177b5c4d8c98ce900bba6d828bd,2026-09-18T08:06:27+00:00,M103776992LE.tif
miloi,94cebaaa7fd3e070f8040620975554c3067651ef,https://raw.githubusercontent.com/Bin501/CNSFM/94cebaaa7fd3e070f8040620975554c3067651ef/Dataset/S3/M108374740RE.craters,18107,aaa0827e2ef24156453dc67702c385f8a8dcd63706bf256f4a09386f99f4d5bd,2026-09-18T08:06:27+00:00,M108374740RE.craters
miloi,94cebaaa7fd3e070f8040620975554c3067651ef,https://raw.githubusercontent.com/Bin501/CNSFM/94cebaaa7fd3e070f8040620975554c3067651ef/Dataset/S3/M108374740RE.tif,2602734,34d04df52a65530fe8d8c02d32bfa37c7d42f557cdadf0c24d6eb0ccc800b60a,2026-09-18T08:06:28+00:00,M108374740RE.tif
miloi,94cebaaa7fd3e070f8040620975554c3067651ef,https://raw.githubusercontent.com/Bin501/CNSFM/94cebaaa7fd3e070f8040620975554c3067651ef/Dataset/S3/M1101147258LE.craters,17050,6c535ff91c845711329610a431030c098f3f2d7b934b8a75195bde5fe220ec6e,2026-09-18T08:06:28+00:00,M1101147258LE.craters
miloi,94cebaaa7fd3e070f8040620975554c3067651ef,https://raw.githubusercontent.com/Bin501/CNSFM/94cebaaa7fd3e070f8040620975554c3067651ef/Dataset/S3/M1101147258LE.tif,3295774,55526c54d23f0a9d243508e593694a67e44a91c5dd54107c297be1e3d0519bd2,2026-09-18T08:06:29+00:00,M1101147258LE.tif
miloi,94cebaaa7fd3e070f8040620975554c3067651ef,https://raw.githubusercontent.com/Bin501/CNSFM/94cebaaa7fd3e070f8040620975554c3067651ef/Dataset/S3/M1103454419LE.craters,17298,0dbda16d3e53c9c6b822c9f306cd6008ed6a011119c1ad0558bd542cc32674ce,2026-09-18T08:06:30+00:00,M1103454419LE.craters
miloi,94cebaaa7fd3e070f8040620975554c3067651ef,https://raw.githubusercontent.com/Bin501/CNSFM/94cebaaa7fd3e070f8040620975554c3067651ef/Dataset/S3/M1103454419LE.tif,3003062,dcfb2c01d3555dcdb7a944c181c7cdac539ba48812254f87bf48a77fbd43cdf6,2026-09-18T08:06:31+00:00,M1103454419LE.tif
miloi,94cebaaa7fd3e070f8040620975554c3067651ef,https://raw.githubusercontent.com/Bin501/CNSFM/94cebaaa7fd3e070f8040620975554c3067651ef/Dataset/S3/M112938905RE.craters,9702,3738f53afbc64486dfa41eff834038c87a3c541420de973dd7a2ab0c9f3d1c68,2026-09-18T08:06:32+00:00,M112938905RE.craters
miloi,94cebaaa7fd3e070f8040620975554c3067651ef,https://raw.githubusercontent.com/Bin501/CNSFM/94cebaaa7fd3e070f8040620975554c3067651ef/Dataset/S3/M112938905RE.tif,1115626,ca642d9a1bf027a3a05a8b25608c10f59734d6c468189c6995c8745240378033,2026-09-18T08:06:32+00:00,M112938905RE.tif
miloi,94cebaaa7fd3e070f8040620975554c3067651ef,https://raw.githubusercontent.com/Bin501/CNSFM/94cebaaa7fd3e070f8040620975554c3067651ef/Dataset/S3/M113040796LE.craters,8557,a5f2c364a3644811f601e6c3d6972f401c6beff6cd3c4b00aaafee4b6deb0b9a,2026-09-18T08:06:33+00:00,M113040796LE.craters
miloi,94cebaaa7fd3e070f8040620975554c3067651ef,https://raw.githubusercontent.com/Bin501/CNSFM/94cebaaa7fd3e070f8040620975554c3067651ef/Dataset/S3/M113040796LE.tif,1146458,c36b3442b83e72c5fb9f0433196ca59a037b072d24ca25a1a615816c45b41649,2026-09-18T08:06:33+00:00,M113040796LE.tif
miloi,94cebaaa7fd3e070f8040620975554c3067651ef,https://raw.githubusercontent.com/Bin501/CNSFM/94cebaaa7fd3e070f8040620975554c3067651ef/Dataset/S3/M113271747RE.craters,14908,d3f74ec7c79cc1bcbdfd3ce1d9f6ec83a15308c77f1108b7c335f54de0a6ba49,2026-09-18T08:06:34+00:00,M113271747RE.craters
miloi,94cebaaa7fd3e070f8040620975554c3067651ef,https://raw.githubusercontent.com/Bin501/CNSFM/94cebaaa7fd3e070f8040620975554c3067651ef/Dataset/S3/M113271747RE.tif,1393042,897e00f88540d7813d3aa428c1d213d1cbc25638ea97a9e97c2819f74628debd,2026-09-18T08:06:34+00:00,M113271747RE.tif
miloi,94cebaaa7fd3e070f8040620975554c3067651ef,https://raw.githubusercontent.com/Bin501/CNSFM/94cebaaa7fd3e070f8040620975554c3067651ef/Dataset/S3/M115701210RE.craters,11155,ff295a4e68d85bb5f14256a7597da135347f2296bf363c978cdc890627b3a9d7,2026-09-18T08:06:35+00:00,M115701210RE.craters
miloi,94cebaaa7fd3e070f8040620975554c3067651ef,https://raw.githubusercontent.com/Bin501/CNSFM/94cebaaa7fd3e070f8040620975554c3067651ef/Dataset/S3/M115701210RE.tif,1305788,2530423daa7e8fafbf1784c98af22cfccc3dd5e6a7a8e643fae165c887ae15d0,2026-09-18T08:06:35+00:00,M115701210RE.tif
miloi,94cebaaa7fd3e070f8040620975554c3067651ef,https://raw.githubusercontent.com/Bin501/CNSFM/94cebaaa7fd3e070f8040620975554c3067651ef/Dataset/S3/M133154995LE.craters,12154,2cd22f462231108851e0ff8412e23e678297e8bb740d16b933ef2d09c69a0346,2026-09-18T08:06:36+00:00,M133154995LE.craters
miloi,94cebaaa7fd3e070f8040620975554c3067651ef,https://raw.githubusercontent.com/Bin501/CNSFM/94cebaaa7fd3e070f8040620975554c3067651ef/Dataset/S3/M133154995LE.tif,1983388,074b4512d3c26a2b70c9d0e2e5795171d98e6986335817ad16012421fed739a9,2026-09-18T08:06:36+00:00,M133154995LE.tif
miloi,94cebaaa7fd3e070f8040620975554c3067651ef,https://raw.githubusercontent.com/Bin501/CNSFM/94cebaaa7fd3e070f8040620975554c3067651ef/Dataset/S3/M140218222LE.craters,15341,428a8d5e89311e111528eb0c984c06258885534a947e86e197971ca45d3090c1,2026-09-18T08:06:37+00:00,M140218222LE.craters
miloi,94cebaaa7fd3e070f8040620975554c3067651ef,https://raw.githubusercontent.com/Bin501/CNSFM/94cebaaa7fd3e070f8040620975554c3067651ef/Dataset/S3/M140218222LE.tif,2035832,39c85d9e17e20aafb3cb33c5ae36f0ea9b90b4dd1dc8715a8c8e3d2a19abcbb5,2026-09-18T08:06:37+00:00,M140218222LE.tif
miloi,94cebaaa7fd3e070f8040620975554c3067651ef,https://raw.githubusercontent.com/Bin501/CNSFM/94cebaaa7fd3e070f8040620975554c3067651ef/Dataset/S3/M146535043RE.craters,16225,c30dc16efda7b84ed85900002ea34f14a31c7761efddb5597b5b9da74e9e812b,2026-09-18T08:06:38+00:00,M146535043RE.craters
miloi,94cebaaa7fd3e070f8040620975554c3067651ef,https://raw.githubusercontent.com/Bin501/CNSFM/94cebaaa7fd3e070f8040620975554c3067651ef/Dataset/S3/M146535043RE.tif,1316086,2b577197efc7fd5e2c8d67390e3972326ed7930ea37d2b8c8c9ec3698f985be0,2026-09-18T08:06:38+00:00,M146535043RE.tif
miloi,94cebaaa7fd3e070f8040620975554c3067651ef,https://raw.githubusercontent.com/Bin501/CNSFM/94cebaaa7fd3e070f8040620975554c3067651ef/Dataset/S3/M149627257RE.craters,13176,70f4dd5db36d956ed51eec4f84567a7b7e342e83327fc175f32e8876f7e97171,2026-09-18T08:06:39+00:00,M149627257RE.craters
miloi,94cebaaa7fd3e070f8040620975554c3067651ef,https://raw.githubusercontent.com/Bin501/CNSFM/94cebaaa7fd3e070f8040620975554c3067651ef/Dataset/S3/M149627257RE.tif,2306788,7f912bc7a6fd64acb6ca81227897e3e10e9dbd4a45101712d5f0f34bb4f04237,2026-09-18T08:06:40+00:00,M149627257RE.tif
miloi,94cebaaa7fd3e070f8040620975554c3067651ef,https://raw.githubusercontent.com/Bin501/CNSFM/94cebaaa7fd3e070f8040620975554c3067651ef/Dataset/S3/M156026240RE.craters,2696,00d688216db8012ec1fbab5bbb1ed519e6712babfaa53a661e912a161c667a94,2026-09-18T08:06:40+00:00,M156026240RE.craters
miloi,94cebaaa7fd3e070f8040620975554c3067651ef,https://raw.githubusercontent.com/Bin501/CNSFM/94cebaaa7fd3e070f8040620975554c3067651ef/Dataset/S3/M156026240RE.tif,1151820,7020296d1a795dc0d77258669e70c25edb7b9aa2d4b5dff376532ec0159aca74,2026-09-18T08:06:41+00:00,M156026240RE.tif
miloi,94cebaaa7fd3e070f8040620975554c3067651ef,https://raw.githubusercontent.com/Bin501/CNSFM/94cebaaa7fd3e070f8040620975554c3067651ef/Dataset/S3/M165539130RE.craters,6343,ad8fb620bc8f4a727082339c9ed6a988e0e43004b4ee809cc1adfd2ca23cc5da,2026-09-18T08:06:41+00:00,M165539130RE.craters
miloi,94cebaaa7fd3e070f8040620975554c3067651ef,https://raw.githubusercontent.com/Bin501/CNSFM/94cebaaa7fd3e070f8040620975554c3067651ef/Dataset/S3/M165539130RE.tif,1310360,e6461307134f369c59bf18686fe01eeb4b21f40dfd17b4de994b21a14bddefd1,2026-09-18T08:06:42+00:00,M165539130RE.tif
miloi,94cebaaa7fd3e070f8040620975554c3067651ef,https://raw.githubusercontent.com/Bin501/CNSFM/94cebaaa7fd3e070f8040620975554c3067651ef/Dataset/S3/M167880447LE.craters,10461,b350a829c14b5ca623f55d1b4d94764216ca8d501838d4f10af2a3ef14628a44,2026-09-18T08:06:42+00:00,M167880447LE.craters
miloi,94cebaaa7fd3e070f8040620975554c3067651ef,https://raw.githubusercontent.com/Bin501/CNSFM/94cebaaa7fd3e070f8040620975554c3067651ef/Dataset/S3/M167880447LE.tif,1194040,8ece592e1faced70827aceec41c442fa3b0e5df50b425e884ea852a6d22e460d,2026-09-18T08:06:43+00:00,M167880447LE.tif
miloi,94cebaaa7fd3e070f8040620975554c3067651ef,https://raw.githubusercontent.com/Bin501/CNSFM/94cebaaa7fd3e070f8040620975554c3067651ef/Dataset/S3/M170757625RE.craters,13807,da773df3df6f4edff6ea16dbca4ea61e085989885ab813ab1ae9ddf0c2f0b76c,2026-09-18T08:06:43+00:00,M170757625RE.craters
miloi,94cebaaa7fd3e070f8040620975554c3067651ef,https://raw.githubusercontent.com/Bin501/CNSFM/94cebaaa7fd3e070f8040620975554c3067651ef/Dataset/S3/M170757625RE.tif,2575382,0aedfe8b06d46017391dd182f24b82a5fb3b54073bd654abbee587f2b551108a,2026-09-18T08:06:44+00:00,M170757625RE.tif
miloi,94cebaaa7fd3e070f8040620975554c3067651ef,https://raw.githubusercontent.com/Bin501/CNSFM/94cebaaa7fd3e070f8040620975554c3067651ef/Dataset/S3/M175011897LE.craters,19413,e45ba3fa50ed5ec61a6028ebd475dde78f651335695783772496b5849642a8da,2026-09-18T08:06:44+00:00,M175011897LE.craters
miloi,94cebaaa7fd3e070f8040620975554c3067651ef,https://raw.githubusercontent.com/Bin501/CNSFM/94cebaaa7fd3e070f8040620975554c3067651ef/Dataset/S3/M175011897LE.tif,1616082,c2001ff50be32b83810d50680d256ecafeea8f195b113e9a4eb7f8589715a2e8,2026-09-18T08:06:45+00:00,M175011897LE.tif
miloi,94cebaaa7fd3e070f8040620975554c3067651ef,https://raw.githubusercontent.com/Bin501/CNSFM/94cebaaa7fd3e070f8040620975554c3067651ef/Dataset/S3/M177361050RE.craters,15419,e10c2ef1bd158909643fa0b68ff459da5c0c3d5c934184ff826a013c8bf03de2,2026-09-18T08:06:45+00:00,M177361050RE.craters
miloi,94cebaaa7fd3e070f8040620975554c3067651ef,https://raw.githubusercontent.com/Bin501/CNSFM/94cebaaa7fd3e070f8040620975554c3067651ef/Dataset/S3/M177361050RE.tif,1476868,8a81448b9289aa5959720a515f4bc03e801f49c5086ba1d2ad4435d788ddf0e7,2026-09-18T08:06:46+00:00,M177361050RE.tif
miloi,94cebaaa7fd3e070f8040620975554c3067651ef,https://raw.githubusercontent.com/Bin501/CNSFM/94cebaaa7fd3e070f8040620975554c3067651ef/Dataset/S3/M180020733LE.craters,19699,6ddd16fc5ecdbfcca215a32453bf63c944e865e4136c8cb6b4920d21adbb687c,2026-09-18T08:06:46+00:00,M180020733LE.craters
miloi,94cebaaa7fd3e070f8040620975554c3067651ef,https://raw.githubusercontent.com/Bin501/CNSFM/94cebaaa7fd3e070f8040620975554c3067651ef/Dataset/S3/M180020733LE.tif,3339484,d9ae6808b183753e949802612a96e0406280c6b29dc7ab5cf9cbd9e6fe294373,2026-09-18T08:06:47+00:00,M180020733LE.tif
miloi,94cebaaa7fd3e070f8040620975554c3067651ef,https://raw.githubusercontent.com/Bin501/CNSFM/94cebaaa7fd3e070f8040620975554c3067651ef/Dataset/S3/M189399105RE.craters,8293,4270aa082d6697ff2cc444b104605f438e83ec815a299d4ac55e063cbfa74c1f,2026-09-18T08:06:48+00:00,M189399105RE.craters
miloi,94cebaaa7fd3e070f8040620975554c3067651ef,https://raw.githubusercontent.com/Bin501/CNSFM/94cebaaa7fd3e070f8040620975554c3067651ef/Dataset/S3/M189399105RE.tif,3155704,50500564a36214bbcb872a0234e4a58524e60bbcd8232637dc2905b1247421dc,2026-09-18T08:06:49+00:00,M189399105RE.tif
miloi,94cebaaa7fd3e070f8040620975554c3067651ef,https://raw.githubusercontent.com/Bin501/CNSFM/94cebaaa7fd3e070f8040620975554c3067651ef/Dataset/S3/M191565043LE.craters,8241,2d826fab40d7be63ad6c025a3f0351ed11676d720d64032d390907c2b6964232,2026-09-18T08:06:49+00:00,M191565043LE.craters
miloi,94cebaaa7fd3e070f8040620975554c3067651ef,https://raw.githubusercontent.com/Bin501/CNSFM/94cebaaa7fd3e070f8040620975554c3067651ef/Dataset/S3/M191565043LE.tif,2107942,0f56d3d61d3e6c2dd494240ad87c1911e779f80f503fc691a3c6011bf83f6546,2026-09-18T08:06:50+00:00,M191565043LE.tif
miloi,94cebaaa7fd3e070f8040620975554c3067651ef,https://raw.githubusercontent.com/Bin501/CNSFM/94cebaaa7fd3e070f8040620975554c3067651ef/Dataset/S3/list_images.txt,683,e92a3195948cea5649939094d71e97baa2575b123290aa8957e519a2244d4814,2026-09-18T08:06:50+00:00,list_images.txt
nac,nac.m1286962920re,https://pds.lroc.im-ldi.com/data/LRO-L-LROC-2-EDR-V1.0/LROLRC_0036B/DATA/ESM3/2018204/NAC/M1286962920RE.IMG,51860424,e39ac427a4c9020dc72130456c03ba111ed32c5f985007d645826c7ad92942c2,2026-09-18T08:07:15+00:00,M1286962920RE.IMG
nac,nac.m1223445283le,https://pds.lroc.im-ldi.com/data/LRO-L-LROC-2-EDR-V1.0/LROLRC_0028/DATA/ESM2/2016200/NAC/M1223445283LE.IMG,132236232,52afbae00de6406397f792ddca7887fc6ad1e0e800130d357794d3ab279c22a8,2026-09-18T08:07:31+00:00,M1223445283LE.IMG
nac,nac.m1223452317le,https://pds.lroc.im-ldi.com/data/LRO-L-LROC-2-EDR-V1.0/LROLRC_0028/DATA/ESM2/2016200/NAC/M1223452317LE.IMG,132236232,f072a9d6f6ec7c8deb30d94458b2c5b0cadda8b2cb2f985a070b29751aec805c,2026-09-18T08:07:49+00:00,M1223452317LE.IMG
nac,nac.m1223452317re,https://pds.lroc.im-ldi.com/data/LRO-L-LROC-2-EDR-V1.0/LROLRC_0028/DATA/ESM2/2016200/NAC/M1223452317RE.IMG,132236232,ba036ce8b4611fe85ffdc2fed09f90da1a32596793662645bb4707b30741d99a,2026-09-18T08:08:07+00:00,M1223452317RE.IMG
tcmorm,TCO_MAPM04_S72E042S75E045SC,https://data.darts.isas.jaxa.jp/pub/pds3/sln-l-tc-5-morning-map-v4.0/lon042/data/TCO_MAPm04_S72E042S75E045SC.img,301989888,a386895937d8175d2e872e105fd816c2fdde71e0d0ceb7b3704dde482e7cfc31,2026-09-18T08:09:24+00:00,TCO_MAPM04_S72E042S75E045SC.IMG
tcmorm,TCO_MAPM04_S72E042S75E045SC,https://data.darts.isas.jaxa.jp/pub/pds3/sln-l-tc-5-morning-map-v4.0/lon042/data/TCO_MAPm04_S72E042S75E045SC.lbl,3521,d14423645fb753ec0b7c2ba809f681661942b3a49d84430205b5ec6ea0888552,2026-09-18T08:09:25+00:00,TCO_MAPM04_S72E042S75E045SC.LBL
tcevem,TCO_MAPE04_S72E042S75E045SC,https://data.darts.isas.jaxa.jp/pub/pds3/sln-l-tc-5-evening-map-v4.0/lon042/data/TCO_MAPe04_S72E042S75E045SC.img,301989888,a386895937d8175d2e872e105fd816c2fdde71e0d0ceb7b3704dde482e7cfc31,2026-09-18T08:13:58+00:00,TCO_MAPE04_S72E042S75E045SC.IMG
tcevem,TCO_MAPE04_S72E042S75E045SC,https://data.darts.isas.jaxa.jp/pub/pds3/sln-l-tc-5-evening-map-v4.0/lon042/data/TCO_MAPe04_S72E042S75E045SC.lbl,3521,6f72a517ba1d923dd364d9cc5c54308f88374605ad5a36652f65aedd5fda8801,2026-09-18T08:13:59+00:00,TCO_MAPE04_S72E042S75E045SC.LBL
tcort,TCO_MAP_02_S72E042S75E045SC,https://data.darts.isas.jaxa.jp/pub/pds3/sln-l-tc-5-ortho-map-v2.0/lon042/data/TCO_MAP_02_S72E042S75E045SC.img,301989888,315240d456020a534c3e0eb1b2779631bc63db1fff0d8dcabb77b9b9eb3d9090,2026-09-18T08:16:25+00:00,TCO_MAP_02_S72E042S75E045SC.IMG
tcort,TCO_MAP_02_S72E042S75E045SC,https://data.darts.isas.jaxa.jp/pub/pds3/sln-l-tc-5-ortho-map-v2.0/lon042/data/TCO_MAP_02_S72E042S75E045SC.lbl,3512,2aa9f1951097eeb2b090f9f866dfdbe2e4f4982b2e3cb74d0334bfca6ddf79d6,2026-09-18T08:16:26+00:00,TCO_MAP_02_S72E042S75E045SC.LBL
mimap,MI_MAP_03_S74E043S75E044SC,https://data.darts.isas.jaxa.jp/pub/pds3/sln-l-mi-5-map-v3.0/lon043/data/MI_MAP_03_S74E043S75E044SC.img,92274688,8c5283cdc87544ffb5498db50b782f9d592e322474d6cb8cc3ae5e22c074cd7f,2026-09-18T08:17:13+00:00,MI_MAP_03_S74E043S75E044SC.IMG
mimap,MI_MAP_03_S74E043S75E044SC,https://data.darts.isas.jaxa.jp/pub/pds3/sln-l-mi-5-map-v3.0/lon043/data/MI_MAP_03_S74E043S75E044SC.lbl,12021,952271bbf37e813497280abefb035e3b0a8727cc36cd504784632b8a00e01cfa,2026-09-18T08:17:14+00:00,MI_MAP_03_S74E043S75E044SC.LBL
pradan_ohrc,ch2_ohr_ncp_20210401T2357376656_d_img_d18,https://pradan.issdc.gov.in/ch2/protected/downloadData/POST_OD/isda_archive/ch2_bundle/cho_bundle/nop/ohr_collection/data/calibrated/20210401/ch2_ohr_ncp_20210401T2357376656_d_img_d18.zip?ohrc,795394460,19b38023b758994564dd2c01fea146ed3ce4f70865852dd7ce8021e7eda1793c,2026-09-18T15:37:28+00:00,ch2_ohr_ncp_20210401T2357376656_d_img_d18.zip
pradan_ohrc,ch2_ohr_ncp_20200824T0806596861_d_img_d18,https://pradan.issdc.gov.in/ch2/protected/downloadData/POST_OD/isda_archive/ch2_bundle/cho_bundle/nop/ohr_collection/data/calibrated/20200824/ch2_ohr_ncp_20200824T0806596861_d_img_d18.zip?ohrc,814783000,85e87db1e840c2efbe16a2b8948bce020d9c5b22aa89f3bb39b4abe2f8cccd47,2026-09-18T15:38:08+00:00,ch2_ohr_ncp_20200824T0806596861_d_img_d18.zip
pradan_tmc2,ch2_tmc_ncn_20250707T1853051045_d_img_d18,https://pradan.issdc.gov.in/ch2/protected/downloadData/POST_OD/isda_archive/ch2_bundle/cho_bundle/nop/tmc_collection/data/calibrated/20250707/ch2_tmc_ncn_20250707T1853051045_d_img_d18.zip?tmc2,750477118,c405f604fc5aa9bd40aa7dceeb78bbf0a76870e04034349d9969e3793565ab09,2026-09-18T15:39:00+00:00,ch2_tmc_ncn_20250707T1853051045_d_img_d18.zip
pradan_tmc2,ch2_tmc_nca_20250707T1853051045_d_img_d18,https://pradan.issdc.gov.in/ch2/protected/downloadData/POST_OD/isda_archive/ch2_bundle/cho_bundle/nop/tmc_collection/data/calibrated/20250707/ch2_tmc_nca_20250707T1853051045_d_img_d18.zip?tmc2,765537802,54980729a040fe6f3446ac795906652e01eea7e6e4a0f86527c39462cb416d0b,2026-09-18T15:39:47+00:00,ch2_tmc_nca_20250707T1853051045_d_img_d18.zip
pradan_tmc2,ch2_tmc_ncf_20250707T1853051078_d_img_d18,https://pradan.issdc.gov.in/ch2/protected/downloadData/POST_OD/isda_archive/ch2_bundle/cho_bundle/nop/tmc_collection/data/calibrated/20250707/ch2_tmc_ncf_20250707T1853051078_d_img_d18.zip?tmc2,690386091,dc5203e6cab962724187d89f36aed3ff525e8d3741d93f23677bef8ad4c429a7,2026-09-18T15:40:39+00:00,ch2_tmc_ncf_20250707T1853051078_d_img_d18.zip
pradan_tmc2,ch2_tmc_ndn_20250707T1853051045_d_oth_d18,https://pradan.issdc.gov.in/ch2/protected/downloadData/POST_OD/isda_archive/ch2_bundle/cho_bundle/nop/tmc_collection/data/derived/20250707/ch2_tmc_ndn_20250707T1853051045_d_oth_d18.zip?tmc2,844778194,110282295f46c384cc6304691c4772a5898a7514043caf3923a3c1fcf98e7f37,2026-09-18T15:42:16+00:00,ch2_tmc_ndn_20250707T1853051045_d_oth_d18.zip
pradan_tmc2,ch2_tmc_ndn_20250707T1853051045_d_dtm_d18,https://pradan.issdc.gov.in/ch2/protected/downloadData/POST_OD/isda_archive/ch2_bundle/cho_bundle/nop/tmc_collection/data/derived/20250707/ch2_tmc_ndn_20250707T1853051045_d_dtm_d18.zip?tmc2,190683618,83ea6a752213811763c96f25d67a4cd007d4a4796296221da7de472df76bbc35,2026-09-18T15:42:41+00:00,ch2_tmc_ndn_20250707T1853051045_d_dtm_d18.zip
pradan_iirs,ch2_iir_nci_20210621T1517513893_d_img_d32_band003,https://pradan.issdc.gov.in/ch2/protected/downloadData/POST_OD/isda_archive/ch2_bundle/cho_bundle/nop/iir_collection/data/calibrated/20210621/ch2_iir_nci_20210621T1517513893_d_img_d32.zip?iirs#band3,16592000,f14e4ff7de643e65302298b6f102884759a8e47cc627ff0c286cfea5553b5425,2026-09-18T18:53:14+00:00,ch2_iir_nci_20210621T1517513893_d_img_d32_band003.f32
pradan_iirs,ch2_iir_nci_20210621T1517513893_d_img_d32_band018,https://pradan.issdc.gov.in/ch2/protected/downloadData/POST_OD/isda_archive/ch2_bundle/cho_bundle/nop/iir_collection/data/calibrated/20210621/ch2_iir_nci_20210621T1517513893_d_img_d32.zip?iirs#band18,16592000,34eadb56f8bd9532fd60b6c9effea42f24065f23d804683ac01bf4f16d75fc86,2026-09-18T18:53:14+00:00,ch2_iir_nci_20210621T1517513893_d_img_d32_band018.f32
pradan_iirs,ch2_iir_nci_20210621T1517513893_d_img_d32_band033,https://pradan.issdc.gov.in/ch2/protected/downloadData/POST_OD/isda_archive/ch2_bundle/cho_bundle/nop/iir_collection/data/calibrated/20210621/ch2_iir_nci_20210621T1517513893_d_img_d32.zip?iirs#band33,16592000,f3fcc085cbd1318846adabfd0830fd5d13388cd6244d0f33831fde35884365f9,2026-09-18T18:53:14+00:00,ch2_iir_nci_20210621T1517513893_d_img_d32_band033.f32
pradan_iirs,ch2_iir_nci_20210621T1517513893_d_img_d32_band051,https://pradan.issdc.gov.in/ch2/protected/downloadData/POST_OD/isda_archive/ch2_bundle/cho_bundle/nop/iir_collection/data/calibrated/20210621/ch2_iir_nci_20210621T1517513893_d_img_d32.zip?iirs#band51,16592000,a52b27bdbed352b2a2663dd70e3870b5d21e3539a589a5dbdc9d6db59483c241,2026-09-18T18:53:14+00:00,ch2_iir_nci_20210621T1517513893_d_img_d32_band051.f32
pradan_iirs,ch2_iir_nci_20200203T1845559180_d_img_m65,https://pradan.issdc.gov.in/ch2/protected/downloadData/POST_OD/isda_archive/ch2_bundle/cho_bundle/nop/iir_collection/data/calibrated/20200203/ch2_iir_nci_20200203T1845559180_d_img_m65.zip?iirs,76306,5bcd5755a90ee5e2087894b519ef4f8b7f4d1e27faf922220f909039b24f3516,2026-09-28T14:19:45+00:00,ch2_iir_nci_20200203T1845559180_d_img_m65.xml
pradan_iirs,ch2_iir_nci_20200203T1845559180_d_img_m65,https://pradan.issdc.gov.in/ch2/protected/downloadData/POST_OD/isda_archive/ch2_bundle/cho_bundle/nop/iir_collection/data/calibrated/20200203/ch2_iir_nci_20200203T1845559180_d_img_m65.zip?iirs,145,a7e1d5137abee0c300d1804e6626c3416dc640286c9e805baceb70c119d3a620,2026-09-28T14:19:45+00:00,ch2_iir_nci_20200203T1845559180_d_img_m65.hdr
pradan_iirs,ch2_iir_nci_20200203T1845559180_d_img_m65,https://pradan.issdc.gov.in/ch2/protected/downloadData/POST_OD/isda_archive/ch2_bundle/cho_bundle/nop/iir_collection/data/calibrated/20200203/ch2_iir_nci_20200203T1845559180_d_img_m65.zip?iirs,6036,d6fb58944ee7dd997e434a8f0277e87c4ca45f46b9c9f9e90d39dd20c97b246e,2026-09-28T14:19:45+00:00,ch2_iir_nci_20200203T1845559180_g_grd_m65.xml
pradan_iirs,ch2_iir_nci_20200203T1845559180_d_img_m65,https://pradan.issdc.gov.in/ch2/protected/downloadData/POST_OD/isda_archive/ch2_bundle/cho_bundle/nop/iir_collection/data/calibrated/20200203/ch2_iir_nci_20200203T1845559180_d_img_m65.zip?iirs,42234,5108943b465eeefaaaaec7b8d2519c99dc8712bb5678d0d8a8b6c5a22a4998a2,2026-09-28T14:19:45+00:00,ch2_iir_nci_20200203T1845559180_g_grd_m65.csv
pradan_iirs,ch2_iir_nci_20200203T1845559180_d_img_m65,https://pradan.issdc.gov.in/ch2/protected/downloadData/POST_OD/isda_archive/ch2_bundle/cho_bundle/nop/iir_collection/data/calibrated/20200203/ch2_iir_nci_20200203T1845559180_d_img_m65.zip?iirs,9149332,5eb0e1e5c6e9b0893613143155fdb24a3517164dc63a5a308da2750a4d99486c,2026-09-28T14:19:45+00:00,ch2_iir_nci_20200203T1845559180_d_img_m65.oat
pradan_iirs,ch2_iir_nci_20200203T1845559180_d_img_m65,https://pradan.issdc.gov.in/ch2/protected/downloadData/POST_OD/isda_archive/ch2_bundle/cho_bundle/nop/iir_collection/data/calibrated/20200203/ch2_iir_nci_20200203T1845559180_d_img_m65.zip?iirs,201,732cb0b10b675461a52447c343b00e227d21d63fb16cb7ee9a54282a0a0e3cc1,2026-09-28T14:19:45+00:00,ch2_iir_nci_20200203T1845559180_d_img_m65.oath
pradan_iirs,ch2_iir_nci_20200203T1845559180_d_img_m65,https://pradan.issdc.gov.in/ch2/protected/downloadData/POST_OD/isda_archive/ch2_bundle/cho_bundle/nop/iir_collection/data/calibrated/20200203/ch2_iir_nci_20200203T1845559180_d_img_m65.zip?iirs,3758802,f22d276c17d40fbbc846c77e91b0603b274b94b88f23525ac3e6b9338806b0ef,2026-09-28T14:19:45+00:00,ch2_iir_nci_20200203T1845559180_d_img_m65.lbr
pradan_iirs,ch2_iir_nci_20200203T1845559180_d_img_m65,https://pradan.issdc.gov.in/ch2/protected/downloadData/POST_OD/isda_archive/ch2_bundle/cho_bundle/nop/iir_collection/data/calibrated/20200203/ch2_iir_nci_20200203T1845559180_d_img_m65.zip?iirs,3627681,3655878f18c2aee3d805c9012457f879b664cd3754d47a015a4f13ce46306977,2026-09-28T14:19:45+00:00,ch2_iir_nci_20200203T1845559180_d_img_m65.spm
pradan_iirs,ch2_iir_nci_20200203T1845559180_d_img_m65,https://pradan.issdc.gov.in/ch2/protected/downloadData/POST_OD/isda_archive/ch2_bundle/cho_bundle/nop/iir_collection/data/calibrated/20200203/ch2_iir_nci_20200203T1845559180_d_img_m65.zip?iirs,11119,ce6bd023d6b7877697412daaaaa540aa8397ecf0fe5037bdfed555a0e922f047,2026-09-28T14:19:45+00:00,readme.txt
pradan_iirs,ch2_iir_nci_20200203T1845559180_d_img_m65,https://pradan.issdc.gov.in/ch2/protected/downloadData/POST_OD/isda_archive/ch2_bundle/cho_bundle/nop/iir_collection/data/calibrated/20200203/ch2_iir_nci_20200203T1845559180_d_img_m65.zip?iirs,4604,5081d9b785364c0af3d581bd836fe4c757fc3a69415df4a35441dc97fcc90e84,2026-09-28T14:19:45+00:00,ch2_iir_nci_20200203T1845559180_b_brw_m65.xml
pradan_iirs,ch2_iir_nci_20200203T1845559180_d_img_m65,https://pradan.issdc.gov.in/ch2/protected/downloadData/POST_OD/isda_archive/ch2_bundle/cho_bundle/nop/iir_collection/data/calibrated/20200203/ch2_iir_nci_20200203T1845559180_d_img_m65.zip?iirs,779248,325ba8ca1ae8c326b4d4099b074d57e470eed01af41aa9507cf336dffad570d5,2026-09-28T14:19:45+00:00,ch2_iir_nci_20200203T1845559180_b_brw_m65.png
pradan_iirs,ch2_iir_nci_20200203T1845559180_d_img_m65,https://pradan.issdc.gov.in/ch2/protected/downloadData/POST_OD/isda_archive/ch2_bundle/cho_bundle/nop/iir_collection/data/calibrated/20200203/ch2_iir_nci_20200203T1845559180_d_img_m65.zip?iirs#band3,10804000,c134f11d09cf863b7330538dacd3f8e35c388f615c23bd8e41220d957b70f3e6,2026-09-28T14:19:45+00:00,ch2_iir_nci_20200203T1845559180_d_img_m65_band003.f32
pradan_iirs,ch2_iir_nci_20200203T1845559180_d_img_m65,https://pradan.issdc.gov.in/ch2/protected/downloadData/POST_OD/isda_archive/ch2_bundle/cho_bundle/nop/iir_collection/data/calibrated/20200203/ch2_iir_nci_20200203T1845559180_d_img_m65.zip?iirs#band18,10804000,709538f3555dc8abbfbddd6505961f564a7800deca92731706df830d4e4c3387,2026-09-28T14:19:45+00:00,ch2_iir_nci_20200203T1845559180_d_img_m65_band018.f32
pradan_iirs,ch2_iir_nci_20200203T1845559180_d_img_m65,https://pradan.issdc.gov.in/ch2/protected/downloadData/POST_OD/isda_archive/ch2_bundle/cho_bundle/nop/iir_collection/data/calibrated/20200203/ch2_iir_nci_20200203T1845559180_d_img_m65.zip?iirs#band51,10804000,e4576b086bf090898cd495fb2517ccb4e307995903d59d2863fcaa85c0065d43,2026-09-28T14:19:45+00:00,ch2_iir_nci_20200203T1845559180_d_img_m65_band051.f32
pradan_tmc2,ch2_tmc_ncn_20200203T1845562233_d_img_m65,https://pradan.issdc.gov.in/ch2/protected/downloadData/POST_OD/isda_archive/ch2_bundle/cho_bundle/nop/tmc_collection/data/calibrated/20200203/ch2_tmc_ncn_20200203T1845562233_d_img_m65.zip?tmc2,8872,cf7ede681f35cce5b3fe524ef5ba332c596d0721bd6c31a615ebcf33480a17b1,2026-09-28T14:19:45+00:00,ch2_tmc_ncn_20200203T1845562233_d_img_m65.xml
pradan_tmc2,ch2_tmc_ncn_20200203T1845562233_d_img_m65,https://pradan.issdc.gov.in/ch2/protected/downloadData/POST_OD/isda_archive/ch2_bundle/cho_bundle/nop/tmc_collection/data/calibrated/20200203/ch2_tmc_ncn_20200203T1845562233_d_img_m65.zip?tmc2,1433104000,7a901c4bcf5b96e6c201184eb4c620d5b6e190ff963b2b482bea92f82d89444a,2026-09-28T14:19:45+00:00,ch2_tmc_ncn_20200203T1845562233_d_img_m65.img
pradan_tmc2,ch2_tmc_ncn_20200203T1845562233_d_img_m65,https://pradan.issdc.gov.in/ch2/protected/downloadData/POST_OD/isda_archive/ch2_bundle/cho_bundle/nop/tmc_collection/data/calibrated/20200203/ch2_tmc_ncn_20200203T1845562233_d_img_m65.zip?tmc2,6282,87211fb1f1e5bd5e8061e724219d67a38490e0194a7da4cc751da32a24eccfa0,2026-09-28T14:19:45+00:00,ch2_tmc_ncn_20200203T1845562233_g_grd_m65.xml
pradan_tmc2,ch2_tmc_ncn_20200203T1845562233_d_img_m65,https://pradan.issdc.gov.in/ch2/protected/downloadData/POST_OD/isda_archive/ch2_bundle/cho_bundle/nop/tmc_collection/data/calibrated/20200203/ch2_tmc_ncn_20200203T1845562233_d_img_m65.zip?tmc2,2564668,2d436ee85d0750dcdaf8870c09c0cc08ebe621b683d5fccd2357bab172c10f19,2026-09-28T14:19:45+00:00,ch2_tmc_ncn_20200203T1845562233_g_grd_m65.csv
pradan_tmc2,ch2_tmc_ncn_20200203T1845562233_d_img_m65,https://pradan.issdc.gov.in/ch2/protected/downloadData/POST_OD/isda_archive/ch2_bundle/cho_bundle/nop/tmc_collection/data/calibrated/20200203/ch2_tmc_ncn_20200203T1845562233_d_img_m65.zip?tmc2,9251068,9fc9b3b156f1ea46468bd7087745a6a733c49abf04a36012a9ab9cafc7808104,2026-09-28T14:19:45+00:00,ch2_tmc_ncn_20200203T1845562233_d_img_m65.oat
pradan_tmc2,ch2_tmc_ncn_20200203T1845562233_d_img_m65,https://pradan.issdc.gov.in/ch2/protected/downloadData/POST_OD/isda_archive/ch2_bundle/cho_bundle/nop/tmc_collection/data/calibrated/20200203/ch2_tmc_ncn_20200203T1845562233_d_img_m65.zip?tmc2,201,6713edc63f085ee499ee22436c106d8866068f41467deb16cc5d7dd984be6fbe,2026-09-28T14:19:45+00:00,ch2_tmc_ncn_20200203T1845562233_d_img_m65.oath
pradan_tmc2,ch2_tmc_ncn_20200203T1845562233_d_img_m65,https://pradan.issdc.gov.in/ch2/protected/downloadData/POST_OD/isda_archive/ch2_bundle/cho_bundle/nop/tmc_collection/data/calibrated/20200203/ch2_tmc_ncn_20200203T1845562233_d_img_m65.zip?tmc2,3800598,b3300d9286468c4d2954e5dca7cc9cf332d12505bd8bc2f41dff4606cfffc4da,2026-09-28T14:19:45+00:00,ch2_tmc_ncn_20200203T1845562233_d_img_m65.lbr
pradan_tmc2,ch2_tmc_ncn_20200203T1845562233_d_img_m65,https://pradan.issdc.gov.in/ch2/protected/downloadData/POST_OD/isda_archive/ch2_bundle/cho_bundle/nop/tmc_collection/data/calibrated/20200203/ch2_tmc_ncn_20200203T1845562233_d_img_m65.zip?tmc2,3668019,3bb2c3d574df864a7b9246c73c09f116b79a8c8182ef56e7696d79fce1f5606c,2026-09-28T14:19:45+00:00,ch2_tmc_ncn_20200203T1845562233_d_img_m65.spm
pradan_tmc2,ch2_tmc_ncn_20200203T1845562233_d_img_m65,https://pradan.issdc.gov.in/ch2/protected/downloadData/POST_OD/isda_archive/ch2_bundle/cho_bundle/nop/tmc_collection/data/calibrated/20200203/ch2_tmc_ncn_20200203T1845562233_d_img_m65.zip?tmc2,11119,ce6bd023d6b7877697412daaaaa540aa8397ecf0fe5037bdfed555a0e922f047,2026-09-28T14:19:45+00:00,readme.txt
pradan_tmc2,ch2_tmc_ncn_20200203T1845562233_d_img_m65,https://pradan.issdc.gov.in/ch2/protected/downloadData/POST_OD/isda_archive/ch2_bundle/cho_bundle/nop/tmc_collection/data/calibrated/20200203/ch2_tmc_ncn_20200203T1845562233_d_img_m65.zip?tmc2,4846,d15c98f3bb6dbca753091e5109b40b39fe4c89b5f2ace4bcb2b121b41716bfd2,2026-09-28T14:19:45+00:00,ch2_tmc_ncn_20200203T1845562233_b_brw_m65.xml
pradan_tmc2,ch2_tmc_ncn_20200203T1845562233_d_img_m65,https://pradan.issdc.gov.in/ch2/protected/downloadData/POST_OD/isda_archive/ch2_bundle/cho_bundle/nop/tmc_collection/data/calibrated/20200203/ch2_tmc_ncn_20200203T1845562233_d_img_m65.zip?tmc2,3645407,79eba4d1eab4ef145d71d8b328bb346e7f05bf072258ca56f8299cbb4f9fc8ad,2026-09-28T14:19:45+00:00,ch2_tmc_ncn_20200203T1845562233_b_brw_m65.png
pradan_iirs,ch2_iir_nci_20200203T1845559180_d_img_m65,https://pradan.issdc.gov.in/ch2/protected/downloadData/POST_OD/isda_archive/ch2_bundle/cho_bundle/nop/iir_collection/data/calibrated/20200203/ch2_iir_nci_20200203T1845559180_d_img_m65.zip?iirs#band100,10804000,564711319d4e122bbe2adab821ae7fc2013fcc9909893e1a88a16cdd663774c0,2026-09-28T14:31:05+00:00,ch2_iir_nci_20200203T1845559180_d_img_m65_band100.f32
pradan_iirs,ch2_iir_nci_20200203T1845559180_d_img_m65,https://pradan.issdc.gov.in/ch2/protected/downloadData/POST_OD/isda_archive/ch2_bundle/cho_bundle/nop/iir_collection/data/calibrated/20200203/ch2_iir_nci_20200203T1845559180_d_img_m65.zip?iirs#band150,10804000,d00bed9a38cd258b35f5e5906080bd9435ef19a2458a262b96077c68f29f2026,2026-09-28T14:31:05+00:00,ch2_iir_nci_20200203T1845559180_d_img_m65_band150.f32
pradan_iirs,ch2_iir_nci_20200203T1845559180_d_img_m65,https://pradan.issdc.gov.in/ch2/protected/downloadData/POST_OD/isda_archive/ch2_bundle/cho_bundle/nop/iir_collection/data/calibrated/20200203/ch2_iir_nci_20200203T1845559180_d_img_m65.zip?iirs#band200,10804000,593efc4a4180a5fe3deec1fb7f5c1cc05959d0399e1ad2845c9b4ed28a83c38e,2026-09-28T14:31:05+00:00,ch2_iir_nci_20200203T1845559180_d_img_m65_band200.f32
pradan_iirs,ch2_iir_nci_20200203T1845559180_d_img_m65,https://pradan.issdc.gov.in/ch2/protected/downloadData/POST_OD/isda_archive/ch2_bundle/cho_bundle/nop/iir_collection/data/calibrated/20200203/ch2_iir_nci_20200203T1845559180_d_img_m65.zip?iirs#band240,10804000,593efc4a4180a5fe3deec1fb7f5c1cc05959d0399e1ad2845c9b4ed28a83c38e,2026-09-28T14:31:05+00:00,ch2_iir_nci_20200203T1845559180_d_img_m65_band240.f32
pradan_ohrc,ch2_ohr_ncp_20250612T2031048828_d_img_d18,https://pradan.issdc.gov.in/ch2/protected/downloadData/POST_OD/isda_archive/ch2_bundle/cho_bundle/nop/ohr_collection/data/calibrated/20250612/ch2_ohr_ncp_20250612T2031048828_d_img_d18.zip?ohrc,8889,a4a19b6b0d0ca7dbc40b7af7b59db2562750c3895db0865f5a2e4bb68dd6dab7,2026-10-01T15:15:53+00:00,ch2_ohr_ncp_20250612T2031048828_d_img_d18.xml
pradan_ohrc,ch2_ohr_ncp_20250612T2031048828_d_img_d18,https://pradan.issdc.gov.in/ch2/protected/downloadData/POST_OD/isda_archive/ch2_bundle/cho_bundle/nop/ohr_collection/data/calibrated/20250612/ch2_ohr_ncp_20250612T2031048828_d_img_d18.zip?ohrc,957552000,966a17567d504f942ed3f5da3c86882efc825f96b8a611a7370b2edf50a789ef,2026-10-01T15:15:53+00:00,ch2_ohr_ncp_20250612T2031048828_d_img_d18.img
pradan_ohrc,ch2_ohr_ncp_20250612T2031048828_d_img_d18,https://pradan.issdc.gov.in/ch2/protected/downloadData/POST_OD/isda_archive/ch2_bundle/cho_bundle/nop/ohr_collection/data/calibrated/20250612/ch2_ohr_ncp_20250612T2031048828_d_img_d18.zip?ohrc,6206,e5b561f28216ae3d9fabdb8d7a6d8cbfe4ff204d5a6383b87cbdd91d6abf5c59,2026-10-01T15:15:53+00:00,ch2_ohr_ncp_20250612T2031048828_g_grd_d18.xml
pradan_ohrc,ch2_ohr_ncp_20250612T2031048828_d_img_d18,https://pradan.issdc.gov.in/ch2/protected/downloadData/POST_OD/isda_archive/ch2_bundle/cho_bundle/nop/ohr_collection/data/calibrated/20250612/ch2_ohr_ncp_20250612T2031048828_d_img_d18.zip?ohrc,3259307,bd546d3c61dfade0db36b9b45eacfff3be3dfb9ca845850d7eb99da654a8fecd,2026-10-01T15:15:53+00:00,ch2_ohr_ncp_20250612T2031048828_g_grd_d18.csv
pradan_ohrc,ch2_ohr_ncp_20250612T2031048828_d_img_d18,https://pradan.issdc.gov.in/ch2/protected/downloadData/POST_OD/isda_archive/ch2_bundle/cho_bundle/nop/ohr_collection/data/calibrated/20250612/ch2_ohr_ncp_20250612T2031048828_d_img_d18.zip?ohrc,406944,660bad576bad6d33898a44b8221c4ed4d6eba4cc45308d4ba621ed77aa12d8df,2026-10-01T15:15:53+00:00,ch2_ohr_ncp_20250612T2031048828_d_img_d18.oat
pradan_ohrc,ch2_ohr_ncp_20250612T2031048828_d_img_d18,https://pradan.issdc.gov.in/ch2/protected/downloadData/POST_OD/isda_archive/ch2_bundle/cho_bundle/nop/ohr_collection/data/calibrated/20250612/ch2_ohr_ncp_20250612T2031048828_d_img_d18.zip?ohrc,201,c353b4057a59c84956a0cf4645967702dfbca812682bf29c79f82fef4d60c24c,2026-10-01T15:15:53+00:00,ch2_ohr_ncp_20250612T2031048828_d_img_d18.oath
pradan_ohrc,ch2_ohr_ncp_20250612T2031048828_d_img_d18,https://pradan.issdc.gov.in/ch2/protected/downloadData/POST_OD/isda_archive/ch2_bundle/cho_bundle/nop/ohr_collection/data/calibrated/20250612/ch2_ohr_ncp_20250612T2031048828_d_img_d18.zip?ohrc,167184,5e8052117b605b3211f90521b3d9babad733faaad86dfc94996141d148e31483,2026-10-01T15:15:53+00:00,ch2_ohr_ncp_20250612T2031048828_d_img_d18.lbr
pradan_ohrc,ch2_ohr_ncp_20250612T2031048828_d_img_d18,https://pradan.issdc.gov.in/ch2/protected/downloadData/POST_OD/isda_archive/ch2_bundle/cho_bundle/nop/ohr_collection/data/calibrated/20250612/ch2_ohr_ncp_20250612T2031048828_d_img_d18.zip?ohrc,161352,e36e886716b05957238f357b57c1da71e5acc3e22015bb31005e77bcff50cd2f,2026-10-01T15:15:53+00:00,ch2_ohr_ncp_20250612T2031048828_d_img_d18.spm
pradan_ohrc,ch2_ohr_ncp_20250612T2031048828_d_img_d18,https://pradan.issdc.gov.in/ch2/protected/downloadData/POST_OD/isda_archive/ch2_bundle/cho_bundle/nop/ohr_collection/data/calibrated/20250612/ch2_ohr_ncp_20250612T2031048828_d_img_d18.zip?ohrc,4770,ce01159d973079f6039e17e0332bde16fed28269675025ad4f9c5b515b44d8f1,2026-10-01T15:15:53+00:00,ch2_ohr_ncp_20250612T2031048828_b_brw_d18.xml
pradan_ohrc,ch2_ohr_ncp_20250612T2031048828_d_img_d18,https://pradan.issdc.gov.in/ch2/protected/downloadData/POST_OD/isda_archive/ch2_bundle/cho_bundle/nop/ohr_collection/data/calibrated/20250612/ch2_ohr_ncp_20250612T2031048828_d_img_d18.zip?ohrc,5796366,4f3dd2c5690644561e7f3eee1eec5e893cd30b5bc42d82da41efaa319c414316,2026-10-01T15:15:53+00:00,ch2_ohr_ncp_20250612T2031048828_b_brw_d18.png
pradan_tmc2,ch2_tmc_ncn_20200607T2239162106_d_img_d18,https://pradan.issdc.gov.in/ch2/protected/downloadData/POST_OD/isda_archive/ch2_bundle/cho_bundle/nop/tmc_collection/data/calibrated/20200607/ch2_tmc_ncn_20200607T2239162106_d_img_d18.zip?tmc2,8880,e299c7217ce2e32eeff5eaec7a1fdbc79d2644cc7fc680451c7a2fcb0ab7aa71,2026-10-01T15:18:44+00:00,ch2_tmc_ncn_20200607T2239162106_d_img_d18.xml
pradan_tmc2,ch2_tmc_ncn_20200607T2239162106_d_img_d18,https://pradan.issdc.gov.in/ch2/protected/downloadData/POST_OD/isda_archive/ch2_bundle/cho_bundle/nop/tmc_collection/data/calibrated/20200607/ch2_tmc_ncn_20200607T2239162106_d_img_d18.zip?tmc2,1572376000,f5e8ad0f8e7f36f536bc31061358be9c0341b6729a4f783c1e6a6a8d0cdb64d8,2026-10-01T15:18:44+00:00,ch2_tmc_ncn_20200607T2239162106_d_img_d18.img
pradan_tmc2,ch2_tmc_ncn_20200607T2239162106_d_img_d18,https://pradan.issdc.gov.in/ch2/protected/downloadData/POST_OD/isda_archive/ch2_bundle/cho_bundle/nop/tmc_collection/data/calibrated/20200607/ch2_tmc_ncn_20200607T2239162106_d_img_d18.zip?tmc2,6282,62f1f64ce8cafe2ae26b7a621952c03f1cd8de46902715872320d9e2690a7a41,2026-10-01T15:18:44+00:00,ch2_tmc_ncn_20200607T2239162106_g_grd_d18.xml
pradan_tmc2,ch2_tmc_ncn_20200607T2239162106_d_img_d18,https://pradan.issdc.gov.in/ch2/protected/downloadData/POST_OD/isda_archive/ch2_bundle/cho_bundle/nop/tmc_collection/data/calibrated/20200607/ch2_tmc_ncn_20200607T2239162106_d_img_d18.zip?tmc2,2735636,c35092dd2b78782db60cca03a90d83449aae477fd73aa0a50a3b64469963e9f5,2026-10-01T15:18:44+00:00,ch2_tmc_ncn_20200607T2239162106_g_grd_d18.csv
pradan_tmc2,ch2_tmc_ncn_20200607T2239162106_d_img_d18,https://pradan.issdc.gov.in/ch2/protected/downloadData/POST_OD/isda_archive/ch2_bundle/cho_bundle/nop/tmc_collection/data/calibrated/20200607/ch2_tmc_ncn_20200607T2239162106_d_img_d18.zip?tmc2,10135292,af9668cc16fc26fee1cc17eea84fcc2302ec902eadeb6707c741f86f597c11c9,2026-10-01T15:18:44+00:00,ch2_tmc_ncn_20200607T2239162106_d_img_d18.oat
pradan_tmc2,ch2_tmc_ncn_20200607T2239162106_d_img_d18,https://pradan.issdc.gov.in/ch2/protected/downloadData/POST_OD/isda_archive/ch2_bundle/cho_bundle/nop/tmc_collection/data/calibrated/20200607/ch2_tmc_ncn_20200607T2239162106_d_img_d18.zip?tmc2,201,389c6704c7a701e34ef05704e98915aa736d772efd995ed862415be121be7f7a,2026-10-01T15:18:44+00:00,ch2_tmc_ncn_20200607T2239162106_d_img_d18.oath
pradan_tmc2,ch2_tmc_ncn_20200607T2239162106_d_img_d18,https://pradan.issdc.gov.in/ch2/protected/downloadData/POST_OD/isda_archive/ch2_bundle/cho_bundle/nop/tmc_collection/data/calibrated/20200607/ch2_tmc_ncn_20200607T2239162106_d_img_d18.zip?tmc2,4163862,9e425ff6d12492d1b36b5fef09c82878f32b124c9f3c8c915065580d8e02604a,2026-10-01T15:18:44+00:00,ch2_tmc_ncn_20200607T2239162106_d_img_d18.lbr
pradan_tmc2,ch2_tmc_ncn_20200607T2239162106_d_img_d18,https://pradan.issdc.gov.in/ch2/protected/downloadData/POST_OD/isda_archive/ch2_bundle/cho_bundle/nop/tmc_collection/data/calibrated/20200607/ch2_tmc_ncn_20200607T2239162106_d_img_d18.zip?tmc2,4018611,65b4c5d38c3b5e3e47c5a3443212dcea68d21e2f011c660d061d9d977c8bf963,2026-10-01T15:18:44+00:00,ch2_tmc_ncn_20200607T2239162106_d_img_d18.spm
pradan_tmc2,ch2_tmc_ncn_20200607T2239162106_d_img_d18,https://pradan.issdc.gov.in/ch2/protected/downloadData/POST_OD/isda_archive/ch2_bundle/cho_bundle/nop/tmc_collection/data/calibrated/20200607/ch2_tmc_ncn_20200607T2239162106_d_img_d18.zip?tmc2,4846,09d098e413bc617c1220aae6215116911ecf57888346c13b10f51bd3934fee3a,2026-10-01T15:18:44+00:00,ch2_tmc_ncn_20200607T2239162106_b_brw_d18.xml
pradan_tmc2,ch2_tmc_ncn_20200607T2239162106_d_img_d18,https://pradan.issdc.gov.in/ch2/protected/downloadData/POST_OD/isda_archive/ch2_bundle/cho_bundle/nop/tmc_collection/data/calibrated/20200607/ch2_tmc_ncn_20200607T2239162106_d_img_d18.zip?tmc2,3354783,e702a8065ec012e28fad5809711f8825b86cb6d222bc75c63c097940e8ea1339,2026-10-01T15:18:44+00:00,ch2_tmc_ncn_20200607T2239162106_b_brw_d18.png
pradan_iirs,ch2_iir_nci_20200607T2239153893_d_img_d18,https://pradan.issdc.gov.in/ch2/protected/downloadData/POST_OD/isda_archive/ch2_bundle/cho_bundle/nop/iir_collection/data/calibrated/20200607/ch2_iir_nci_20200607T2239153893_d_img_d18.zip?iirs,76313,54e61951f62407b8534ed3f240c23bf0225c4a361c3a1e4d6aad90ecea57c38c,2026-10-01T15:20:35+00:00,ch2_iir_nci_20200607T2239153893_d_img_d18.xml
pradan_iirs,ch2_iir_nci_20200607T2239153893_d_img_d18,https://pradan.issdc.gov.in/ch2/protected/downloadData/POST_OD/isda_archive/ch2_bundle/cho_bundle/nop/iir_collection/data/calibrated/20200607/ch2_iir_nci_20200607T2239153893_d_img_d18.zip?iirs,145,ca856191c47fb29f8813acaf590897057a8d416cfe68d9311a39d5a1c1b2e856,2026-10-01T15:20:35+00:00,ch2_iir_nci_20200607T2239153893_d_img_d18.hdr
pradan_iirs,ch2_iir_nci_20200607T2239153893_d_img_d18,https://pradan.issdc.gov.in/ch2/protected/downloadData/POST_OD/isda_archive/ch2_bundle/cho_bundle/nop/iir_collection/data/calibrated/20200607/ch2_iir_nci_20200607T2239153893_d_img_d18.zip?iirs,6036,c785434971d6670c32ef6baee2f8fb4dc2b1bf0291a947e3b89a1c3c41619d0e,2026-10-01T15:20:35+00:00,ch2_iir_nci_20200607T2239153893_g_grd_d18.xml
pradan_iirs,ch2_iir_nci_20200607T2239153893_d_img_d18,https://pradan.issdc.gov.in/ch2/protected/downloadData/POST_OD/isda_archive/ch2_bundle/cho_bundle/nop/iir_collection/data/calibrated/20200607/ch2_iir_nci_20200607T2239153893_d_img_d18.zip?iirs,44957,72f27327492f7b5195245c6bfa7e206a3eaba9ed4dadc5efc3929cc629fb7e91,2026-10-01T15:20:35+00:00,ch2_iir_nci_20200607T2239153893_g_grd_d18.csv
pradan_iirs,ch2_iir_nci_20200607T2239153893_d_img_d18,https://pradan.issdc.gov.in/ch2/protected/downloadData/POST_OD/isda_archive/ch2_bundle/cho_bundle/nop/iir_collection/data/calibrated/20200607/ch2_iir_nci_20200607T2239153893_d_img_d18.zip?iirs,10043604,26bceeb2b12bf652abe63d3f23d4cb5d1f7b061df3c1907b3ce04db1ea18a05b,2026-10-01T15:20:35+00:00,ch2_iir_nci_20200607T2239153893_d_img_d18.oat
pradan_iirs,ch2_iir_nci_20200607T2239153893_d_img_d18,https://pradan.issdc.gov.in/ch2/protected/downloadData/POST_OD/isda_archive/ch2_bundle/cho_bundle/nop/iir_collection/data/calibrated/20200607/ch2_iir_nci_20200607T2239153893_d_img_d18.zip?iirs,201,3219704136ce740ccc3414a5e5da07d6b115028cf7f93065f02045ab33f48577,2026-10-01T15:20:35+00:00,ch2_iir_nci_20200607T2239153893_d_img_d18.oath
pradan_iirs,ch2_iir_nci_20200607T2239153893_d_img_d18,https://pradan.issdc.gov.in/ch2/protected/downloadData/POST_OD/isda_archive/ch2_bundle/cho_bundle/nop/iir_collection/data/calibrated/20200607/ch2_iir_nci_20200607T2239153893_d_img_d18.zip?iirs,4126194,18903b5a640ab31bc910f0c3d5e340076ef054d4652327d037ced1f1937ced23,2026-10-01T15:20:35+00:00,ch2_iir_nci_20200607T2239153893_d_img_d18.lbr
pradan_iirs,ch2_iir_nci_20200607T2239153893_d_img_d18,https://pradan.issdc.gov.in/ch2/protected/downloadData/POST_OD/isda_archive/ch2_bundle/cho_bundle/nop/iir_collection/data/calibrated/20200607/ch2_iir_nci_20200607T2239153893_d_img_d18.zip?iirs,3982257,80ee04040ad851cf5fb86e313a951816dcef0ab557b05c4964786703af945130,2026-10-01T15:20:35+00:00,ch2_iir_nci_20200607T2239153893_d_img_d18.spm
pradan_iirs,ch2_iir_nci_20200607T2239153893_d_img_d18,https://pradan.issdc.gov.in/ch2/protected/downloadData/POST_OD/isda_archive/ch2_bundle/cho_bundle/nop/iir_collection/data/calibrated/20200607/ch2_iir_nci_20200607T2239153893_d_img_d18.zip?iirs,4604,6aad00dd601ecdd8ed6239edcd7ee021f526902b2d8dc03f74fe01caef3b5422,2026-10-01T15:20:35+00:00,ch2_iir_nci_20200607T2239153893_b_brw_d18.xml
pradan_iirs,ch2_iir_nci_20200607T2239153893_d_img_d18,https://pradan.issdc.gov.in/ch2/protected/downloadData/POST_OD/isda_archive/ch2_bundle/cho_bundle/nop/iir_collection/data/calibrated/20200607/ch2_iir_nci_20200607T2239153893_d_img_d18.zip?iirs,847286,cd3070c3d8499d210ca2fd31f5b5a15aef902714dd37f1a1bd592139f0c4120d,2026-10-01T15:20:35+00:00,ch2_iir_nci_20200607T2239153893_b_brw_d18.png
pradan_iirs,ch2_iir_nci_20200607T2239153893_d_img_d18,https://pradan.issdc.gov.in/ch2/protected/downloadData/POST_OD/isda_archive/ch2_bundle/cho_bundle/nop/iir_collection/data/calibrated/20200607/ch2_iir_nci_20200607T2239153893_d_img_d18.zip?iirs#band3,11868000,bbd7480e3985cf055bb88e949d5f185fbe5e29496d11db3638db9d15d6d47d70,2026-10-01T15:20:35+00:00,ch2_iir_nci_20200607T2239153893_d_img_d18_band003.f32
pradan_iirs,ch2_iir_nci_20200607T2239153893_d_img_d18,https://pradan.issdc.gov.in/ch2/protected/downloadData/POST_OD/isda_archive/ch2_bundle/cho_bundle/nop/iir_collection/data/calibrated/20200607/ch2_iir_nci_20200607T2239153893_d_img_d18.zip?iirs#band18,11868000,0e1da38e3756b3c83e9ac4fe14970d9504b8676005a5ee64b4a0c8bfba0b3bfb,2026-10-01T15:20:35+00:00,ch2_iir_nci_20200607T2239153893_d_img_d18_band018.f32
pradan_iirs,ch2_iir_nci_20200607T2239153893_d_img_d18,https://pradan.issdc.gov.in/ch2/protected/downloadData/POST_OD/isda_archive/ch2_bundle/cho_bundle/nop/iir_collection/data/calibrated/20200607/ch2_iir_nci_20200607T2239153893_d_img_d18.zip?iirs#band51,11868000,9cc8d3c3cafc6f7fd7138418e784eacd1a4b669b31e76b83a4b497c2b6f3ce01,2026-10-01T15:20:35+00:00,ch2_iir_nci_20200607T2239153893_d_img_d18_band051.f32
pradan_iirs,ch2_iir_nci_20200607T2239153893_d_img_d18,https://pradan.issdc.gov.in/ch2/protected/downloadData/POST_OD/isda_archive/ch2_bundle/cho_bundle/nop/iir_collection/data/calibrated/20200607/ch2_iir_nci_20200607T2239153893_d_img_d18.zip?iirs#band100,11868000,df04effdc4675891b285e0c74dff6763ae3fde45e4b038b3fd9837219704926f,2026-10-01T15:20:35+00:00,ch2_iir_nci_20200607T2239153893_d_img_d18_band100.f32
pradan_iirs,ch2_iir_nci_20200607T2239153893_d_img_d18,https://pradan.issdc.gov.in/ch2/protected/downloadData/POST_OD/isda_archive/ch2_bundle/cho_bundle/nop/iir_collection/data/calibrated/20200607/ch2_iir_nci_20200607T2239153893_d_img_d18.zip?iirs#band150,11868000,f8cb8df0091918998530bee79ce7e37d423ff1c25824aa7217624c69b9a064b0,2026-10-01T15:20:35+00:00,ch2_iir_nci_20200607T2239153893_d_img_d18_band150.f32
pradan_ohrc,ch2_ohr_ncp_20250612T2229094979_d_img_d18,https://pradan.issdc.gov.in/ch2/protected/downloadData/POST_OD/isda_archive/ch2_bundle/cho_bundle/nop/ohr_collection/data/calibrated/20250612/ch2_ohr_ncp_20250612T2229094979_d_img_d18.zip?ohrc,8888,cb80550206fd6b7f827e957b461e38d0e65609df22ba0d3133a18255ab25f320,2026-10-01T15:26:58+00:00,ch2_ohr_ncp_20250612T2229094979_d_img_d18.xml
pradan_ohrc,ch2_ohr_ncp_20250612T2229094979_d_img_d18,https://pradan.issdc.gov.in/ch2/protected/downloadData/POST_OD/isda_archive/ch2_bundle/cho_bundle/nop/ohr_collection/data/calibrated/20250612/ch2_ohr_ncp_20250612T2229094979_d_img_d18.zip?ohrc,957360000,4b53bef232f6c184f9d0790a47256545bed9c923541a0d60cde488ac143fcb4b,2026-10-01T15:26:58+00:00,ch2_ohr_ncp_20250612T2229094979_d_img_d18.img
pradan_ohrc,ch2_ohr_ncp_20250612T2229094979_d_img_d18,https://pradan.issdc.gov.in/ch2/protected/downloadData/POST_OD/isda_archive/ch2_bundle/cho_bundle/nop/ohr_collection/data/calibrated/20250612/ch2_ohr_ncp_20250612T2229094979_d_img_d18.zip?ohrc,6206,e7b31f89753dbb68abf9c550c7810f6e176c6f7aeafaf175cab6f892205d7dd2,2026-10-01T15:26:58+00:00,ch2_ohr_ncp_20250612T2229094979_g_grd_d18.xml
pradan_ohrc,ch2_ohr_ncp_20250612T2229094979_d_img_d18,https://pradan.issdc.gov.in/ch2/protected/downloadData/POST_OD/isda_archive/ch2_bundle/cho_bundle/nop/ohr_collection/data/calibrated/20250612/ch2_ohr_ncp_20250612T2229094979_d_img_d18.zip?ohrc,3259113,704616ba39729da9b7085f22428e45de9206b87c4c987594245057e814035e2b,2026-10-01T15:26:58+00:00,ch2_ohr_ncp_20250612T2229094979_g_grd_d18.csv
pradan_ohrc,ch2_ohr_ncp_20250612T2229094979_d_img_d18,https://pradan.issdc.gov.in/ch2/protected/downloadData/POST_OD/isda_archive/ch2_bundle/cho_bundle/nop/ohr_collection/data/calibrated/20250612/ch2_ohr_ncp_20250612T2229094979_d_img_d18.zip?ohrc,400036,c254ed4af999fa887a06578c48e490be5444a174bdb6d925e1bb33372fb1f73b,2026-10-01T15:26:58+00:00,ch2_ohr_ncp_20250612T2229094979_d_img_d18.oat
pradan_ohrc,ch2_ohr_ncp_20250612T2229094979_d_img_d18,https://pradan.issdc.gov.in/ch2/protected/downloadData/POST_OD/isda_archive/ch2_bundle/cho_bundle/nop/ohr_collection/data/calibrated/20250612/ch2_ohr_ncp_20250612T2229094979_d_img_d18.zip?ohrc,201,6b1f099067ddb80bf26c6cdc8bed9056895cd9cd1cd127ca1d4fb826180f8402,2026-10-01T15:26:58+00:00,ch2_ohr_ncp_20250612T2229094979_d_img_d18.oath
pradan_ohrc,ch2_ohr_ncp_20250612T2229094979_d_img_d18,https://pradan.issdc.gov.in/ch2/protected/downloadData/POST_OD/isda_archive/ch2_bundle/cho_bundle/nop/ohr_collection/data/calibrated/20250612/ch2_ohr_ncp_20250612T2229094979_d_img_d18.zip?ohrc,164346,533844d699ecfc697d64130ce329f71979036c89b7b80cc732e3f5ea674ea4f8,2026-10-01T15:26:58+00:00,ch2_ohr_ncp_20250612T2229094979_d_img_d18.lbr
pradan_ohrc,ch2_ohr_ncp_20250612T2229094979_d_img_d18,https://pradan.issdc.gov.in/ch2/protected/downloadData/POST_OD/isda_archive/ch2_bundle/cho_bundle/nop/ohr_collection/data/calibrated/20250612/ch2_ohr_ncp_20250612T2229094979_d_img_d18.zip?ohrc,158613,f1abca9113d3ccf20306e5e8a6e1a8a9c40e02cc4bddf9548b2eb17b0f8041a3,2026-10-01T15:26:58+00:00,ch2_ohr_ncp_20250612T2229094979_d_img_d18.spm
pradan_ohrc,ch2_ohr_ncp_20250612T2229094979_d_img_d18,https://pradan.issdc.gov.in/ch2/protected/downloadData/POST_OD/isda_archive/ch2_bundle/cho_bundle/nop/ohr_collection/data/calibrated/20250612/ch2_ohr_ncp_20250612T2229094979_d_img_d18.zip?ohrc,4770,2738ff6b36bc42de8dcae01810a35d2cbc6158a848bce485a2e792a60f2fd316,2026-10-01T15:26:58+00:00,ch2_ohr_ncp_20250612T2229094979_b_brw_d18.xml
pradan_ohrc,ch2_ohr_ncp_20250612T2229094979_d_img_d18,https://pradan.issdc.gov.in/ch2/protected/downloadData/POST_OD/isda_archive/ch2_bundle/cho_bundle/nop/ohr_collection/data/calibrated/20250612/ch2_ohr_ncp_20250612T2229094979_d_img_d18.zip?ohrc,6002378,31b8c5ea0a65cdfc69a1176e8bb1bf9ad9143378cfc85050b7b4bc254cbb47ec,2026-10-01T15:26:58+00:00,ch2_ohr_ncp_20250612T2229094979_b_brw_d18.png
pradan_tmc2,ch2_tmc_ncn_20221209T1908493583_d_img_d32,https://pradan.issdc.gov.in/ch2/protected/downloadData/POST_OD/isda_archive/ch2_bundle/cho_bundle/nop/tmc_collection/data/calibrated/20221209/ch2_tmc_ncn_20221209T1908493583_d_img_d32.zip?tmc2,8890,519cf44ab21a63e3d3a898ca9276b6c7799f0797a2d1e03ea8709e3a17541a0a,2026-10-01T15:39:45+00:00,ch2_tmc_ncn_20221209T1908493583_d_img_d32.xml
pradan_tmc2,ch2_tmc_ncn_20221209T1908493583_d_img_d32,https://pradan.issdc.gov.in/ch2/protected/downloadData/POST_OD/isda_archive/ch2_bundle/cho_bundle/nop/tmc_collection/data/calibrated/20221209/ch2_tmc_ncn_20221209T1908493583_d_img_d32.zip?tmc2,1321072000,7a7eba47a5725248b7588cc14d7709de5efe6298df09c1126f9d0ffac6780441,2026-10-01T15:39:45+00:00,ch2_tmc_ncn_20221209T1908493583_d_img_d32.img
pradan_tmc2,ch2_tmc_ncn_20221209T1908493583_d_img_d32,https://pradan.issdc.gov.in/ch2/protected/downloadData/POST_OD/isda_archive/ch2_bundle/cho_bundle/nop/tmc_collection/data/calibrated/20221209/ch2_tmc_ncn_20221209T1908493583_d_img_d32.zip?tmc2,6282,e9de4aefc9cd341e7c808db886c5d94dd127af230464a323cc6b0d1fc0d11182,2026-10-01T15:39:45+00:00,ch2_tmc_ncn_20221209T1908493583_g_grd_d32.xml
pradan_tmc2,ch2_tmc_ncn_20221209T1908493583_d_img_d32,https://pradan.issdc.gov.in/ch2/protected/downloadData/POST_OD/isda_archive/ch2_bundle/cho_bundle/nop/tmc_collection/data/calibrated/20221209/ch2_tmc_ncn_20221209T1908493583_d_img_d32.zip?tmc2,2291651,b9c3dc0f0c0c9a7db1f925b697ef0b1dcbf96d669361fe294948f6904ab9b113,2026-10-01T15:39:45+00:00,ch2_tmc_ncn_20221209T1908493583_g_grd_d32.csv
pradan_tmc2,ch2_tmc_ncn_20221209T1908493583_d_img_d32,https://pradan.issdc.gov.in/ch2/protected/downloadData/POST_OD/isda_archive/ch2_bundle/cho_bundle/nop/tmc_collection/data/calibrated/20221209/ch2_tmc_ncn_20221209T1908493583_d_img_d32.zip?tmc2,8457904,384de02acf4d53bda707f7f445273b1ae5e5519f15d79f480cfa137039b8f7ae,2026-10-01T15:39:45+00:00,ch2_tmc_ncn_20221209T1908493583_d_img_d32.oat
pradan_tmc2,ch2_tmc_ncn_20221209T1908493583_d_img_d32,https://pradan.issdc.gov.in/ch2/protected/downloadData/POST_OD/isda_archive/ch2_bundle/cho_bundle/nop/tmc_collection/data/calibrated/20221209/ch2_tmc_ncn_20221209T1908493583_d_img_d32.zip?tmc2,201,20d73bde07032d568ea3dfd7d20db7a14ed796c5ed40dd8228040d7254fb92d6,2026-10-01T15:39:45+00:00,ch2_tmc_ncn_20221209T1908493583_d_img_d32.oath
pradan_tmc2,ch2_tmc_ncn_20221209T1908493583_d_img_d32,https://pradan.issdc.gov.in/ch2/protected/downloadData/POST_OD/isda_archive/ch2_bundle/cho_bundle/nop/tmc_collection/data/calibrated/20221209/ch2_tmc_ncn_20221209T1908493583_d_img_d32.zip?tmc2,3474744,5dd3b39d37a6bb624f6688281aa08d11f622f5c8e204bd3f2f3727a7d468f4ac,2026-10-01T15:39:45+00:00,ch2_tmc_ncn_20221209T1908493583_d_img_d32.lbr
pradan_tmc2,ch2_tmc_ncn_20221209T1908493583_d_img_d32,https://pradan.issdc.gov.in/ch2/protected/downloadData/POST_OD/isda_archive/ch2_bundle/cho_bundle/nop/tmc_collection/data/calibrated/20221209/ch2_tmc_ncn_20221209T1908493583_d_img_d32.zip?tmc2,3353532,93160b8aff2ea95c7c57b8df695a807a5fb379a9899a4f6b74128d5f3f45c7bf,2026-10-01T15:39:45+00:00,ch2_tmc_ncn_20221209T1908493583_d_img_d32.spm
pradan_tmc2,ch2_tmc_ncn_20221209T1908493583_d_img_d32,https://pradan.issdc.gov.in/ch2/protected/downloadData/POST_OD/isda_archive/ch2_bundle/cho_bundle/nop/tmc_collection/data/calibrated/20221209/ch2_tmc_ncn_20221209T1908493583_d_img_d32.zip?tmc2,4846,5ff306a08d484cc26529dd69f6e3dfae6c522688d66828c26f9c8d12dc28566e,2026-10-01T15:39:45+00:00,ch2_tmc_ncn_20221209T1908493583_b_brw_d32.xml
pradan_tmc2,ch2_tmc_ncn_20221209T1908493583_d_img_d32,https://pradan.issdc.gov.in/ch2/protected/downloadData/POST_OD/isda_archive/ch2_bundle/cho_bundle/nop/tmc_collection/data/calibrated/20221209/ch2_tmc_ncn_20221209T1908493583_d_img_d32.zip?tmc2,3739879,ecb7e68430e8a701d5af49504f093e05d74f3ce1f5ddd80d2d14a554c8360645,2026-10-01T15:39:45+00:00,ch2_tmc_ncn_20221209T1908493583_b_brw_d32.png
pradan_iirs,ch2_iir_nci_20221209T1908498944_d_img_d32,https://pradan.issdc.gov.in/ch2/protected/downloadData/POST_OD/isda_archive/ch2_bundle/cho_bundle/nop/iir_collection/data/calibrated/20221209/ch2_iir_nci_20221209T1908498944_d_img_d32.zip?iirs,76850,dd1b2b3339f6f45385969b259e12f3891eda59f65cac71b126760e896b6b28dc,2026-10-01T15:45:22+00:00,ch2_iir_nci_20221209T1908498944_d_img_d32.xml
pradan_iirs,ch2_iir_nci_20221209T1908498944_d_img_d32,https://pradan.issdc.gov.in/ch2/protected/downloadData/POST_OD/isda_archive/ch2_bundle/cho_bundle/nop/iir_collection/data/calibrated/20221209/ch2_iir_nci_20221209T1908498944_d_img_d32.zip?iirs,145,f9146587e587eb4b2ffee16e1634dc73080408ecef90f958982a3f1f03d2f20c,2026-10-01T15:45:22+00:00,ch2_iir_nci_20221209T1908498944_d_img_d32.hdr
pradan_iirs,ch2_iir_nci_20221209T1908498944_d_img_d32,https://pradan.issdc.gov.in/ch2/protected/downloadData/POST_OD/isda_archive/ch2_bundle/cho_bundle/nop/iir_collection/data/calibrated/20221209/ch2_iir_nci_20221209T1908498944_d_img_d32.zip?iirs,6036,9c513f1b81100f7e8ace75ba91d97d571c6e0a011271e5cc9021f8983b83a5e7,2026-10-01T15:45:22+00:00,ch2_iir_nci_20221209T1908498944_g_grd_d32.xml
pradan_iirs,ch2_iir_nci_20221209T1908498944_d_img_d32,https://pradan.issdc.gov.in/ch2/protected/downloadData/POST_OD/isda_archive/ch2_bundle/cho_bundle/nop/iir_collection/data/calibrated/20221209/ch2_iir_nci_20221209T1908498944_d_img_d32.zip?iirs,38031,ad85e798487293d87af6af310c628a632ac3d45024065c7a2975c40ad44b5fe0,2026-10-01T15:45:22+00:00,ch2_iir_nci_20221209T1908498944_g_grd_d32.csv
pradan_iirs,ch2_iir_nci_20221209T1908498944_d_img_d32,https://pradan.issdc.gov.in/ch2/protected/downloadData/POST_OD/isda_archive/ch2_bundle/cho_bundle/nop/iir_collection/data/calibrated/20221209/ch2_iir_nci_20221209T1908498944_d_img_d32.zip?iirs,8449112,7c5c90c4c0025b9f37c6bf9addacb11481226a4f70b6168fff28dbc1f1bb8a0b,2026-10-01T15:45:22+00:00,ch2_iir_nci_20221209T1908498944_d_img_d32.oat
pradan_iirs,ch2_iir_nci_20221209T1908498944_d_img_d32,https://pradan.issdc.gov.in/ch2/protected/downloadData/POST_OD/isda_archive/ch2_bundle/cho_bundle/nop/iir_collection/data/calibrated/20221209/ch2_iir_nci_20221209T1908498944_d_img_d32.zip?iirs,201,33d7ba390a1bf4765e69a0d76441fd7547be8b602a59292d91bd6a0170ab5ad6,2026-10-01T15:45:22+00:00,ch2_iir_nci_20221209T1908498944_d_img_d32.oath
pradan_iirs,ch2_iir_nci_20221209T1908498944_d_img_d32,https://pradan.issdc.gov.in/ch2/protected/downloadData/POST_OD/isda_archive/ch2_bundle/cho_bundle/nop/iir_collection/data/calibrated/20221209/ch2_iir_nci_20221209T1908498944_d_img_d32.zip?iirs,3471132,eeb93810332988474fe571cc5324fed3be1f607acb39d5553d13e9ae57c89027,2026-10-01T15:45:22+00:00,ch2_iir_nci_20221209T1908498944_d_img_d32.lbr
pradan_iirs,ch2_iir_nci_20221209T1908498944_d_img_d32,https://pradan.issdc.gov.in/ch2/protected/downloadData/POST_OD/isda_archive/ch2_bundle/cho_bundle/nop/iir_collection/data/calibrated/20221209/ch2_iir_nci_20221209T1908498944_d_img_d32.zip?iirs,3350046,b1065ef95d53be7990024b86c422955896051af6b1969d44ed420b4bb16a968c,2026-10-01T15:45:22+00:00,ch2_iir_nci_20221209T1908498944_d_img_d32.spm
pradan_iirs,ch2_iir_nci_20221209T1908498944_d_img_d32,https://pradan.issdc.gov.in/ch2/protected/downloadData/POST_OD/isda_archive/ch2_bundle/cho_bundle/nop/iir_collection/data/calibrated/20221209/ch2_iir_nci_20221209T1908498944_d_img_d32.zip?iirs,4604,fee040cabb90d0e1c5a461f8a0cf2d1f2c0d1bc5bf9e39965c256a91b831d70d,2026-10-01T15:45:22+00:00,ch2_iir_nci_20221209T1908498944_b_brw_d32.xml
pradan_iirs,ch2_iir_nci_20221209T1908498944_d_img_d32,https://pradan.issdc.gov.in/ch2/protected/downloadData/POST_OD/isda_archive/ch2_bundle/cho_bundle/nop/iir_collection/data/calibrated/20221209/ch2_iir_nci_20221209T1908498944_d_img_d32.zip?iirs,847894,eae7e407ad45b3761d24ceec451e84d4e607190a7b00a45e24c1792cffeb2524,2026-10-01T15:45:22+00:00,ch2_iir_nci_20221209T1908498944_b_brw_d32.png
pradan_iirs,ch2_iir_nci_20221209T1908498944_d_img_d32,https://pradan.issdc.gov.in/ch2/protected/downloadData/POST_OD/isda_archive/ch2_bundle/cho_bundle/nop/iir_collection/data/calibrated/20221209/ch2_iir_nci_20221209T1908498944_d_img_d32.zip?iirs#band3,10077000,21bde6b7f4d6048179a3f3b76009c5c9bed7bf97de57e3793f72495995bca278,2026-10-01T15:45:22+00:00,ch2_iir_nci_20221209T1908498944_d_img_d32_band003.f32
pradan_iirs,ch2_iir_nci_20221209T1908498944_d_img_d32,https://pradan.issdc.gov.in/ch2/protected/downloadData/POST_OD/isda_archive/ch2_bundle/cho_bundle/nop/iir_collection/data/calibrated/20221209/ch2_iir_nci_20221209T1908498944_d_img_d32.zip?iirs#band18,10077000,d25426dedbf05cfa68d76a94b6a26b2cb9690951022748a5f276782829a887a8,2026-10-01T15:45:22+00:00,ch2_iir_nci_20221209T1908498944_d_img_d32_band018.f32
pradan_iirs,ch2_iir_nci_20221209T1908498944_d_img_d32,https://pradan.issdc.gov.in/ch2/protected/downloadData/POST_OD/isda_archive/ch2_bundle/cho_bundle/nop/iir_collection/data/calibrated/20221209/ch2_iir_nci_20221209T1908498944_d_img_d32.zip?iirs#band51,10077000,41b4ac63eb99e7f248c8cb63974dcb6b24f46c10070588513c610804c1935f0c,2026-10-01T15:45:22+00:00,ch2_iir_nci_20221209T1908498944_d_img_d32_band051.f32
pradan_iirs,ch2_iir_nci_20221209T1908498944_d_img_d32,https://pradan.issdc.gov.in/ch2/protected/downloadData/POST_OD/isda_archive/ch2_bundle/cho_bundle/nop/iir_collection/data/calibrated/20221209/ch2_iir_nci_20221209T1908498944_d_img_d32.zip?iirs#band100,10077000,8055a79ccf44859f09de39eb1bd94db6cc27be9a6f7124450e95258237cd25ce,2026-10-01T15:45:22+00:00,ch2_iir_nci_20221209T1908498944_d_img_d32_band100.f32
pradan_iirs,ch2_iir_nci_20221209T1908498944_d_img_d32,https://pradan.issdc.gov.in/ch2/protected/downloadData/POST_OD/isda_archive/ch2_bundle/cho_bundle/nop/iir_collection/data/calibrated/20221209/ch2_iir_nci_20221209T1908498944_d_img_d32.zip?iirs#band150,10077000,28f1443068365401f3c7394b6d87527d7d1f146da143103c7a42efd6ee2dd669,2026-10-01T15:45:22+00:00,ch2_iir_nci_20221209T1908498944_d_img_d32_band150.f32
nac_sweep,M1153871873LE,https://pds.lroc.im-ldi.com/data/LRO-L-LROC-2-EDR-V1.0/LROLRC_0019/DATA/ESM/2014124/NAC/M1153871873LE.IMG,132236232,9ea5bdfd8713fceed3ae578421bf55ef34148e5359af7f45cdf7a1bc03c7125d,2026-09-18T08:34:35+00:00,M1153871873LE.IMG
nac_sweep,M1153871873RE,https://pds.lroc.im-ldi.com/data/LRO-L-LROC-2-EDR-V1.0/LROLRC_0019/DATA/ESM/2014124/NAC/M1153871873RE.IMG,132236232,a6b60ad7fac2c8e3f255565545001b724c7e19aa51c65778906583ceceeb4d97,2026-09-18T08:34:47+00:00,M1153871873RE.IMG
nac_sweep,M1363141432RE,https://pds.lroc.im-ldi.com/data/LRO-L-LROC-2-EDR-V1.0/LROLRC_0046A/DATA/ESM4/2020355/NAC/M1363141432RE.IMG,36303816,0160b74339450a20758a4acd060c8f18cff8d062682f1aa6318ee8ce13c9eab7,2026-09-18T08:34:53+00:00,M1363141432RE.IMG
nac_sweep,M1363141432LE,https://pds.lroc.im-ldi.com/data/LRO-L-LROC-2-EDR-V1.0/LROLRC_0046A/DATA/ESM4/2020355/NAC/M1363141432LE.IMG,36303816,ec1aedaad4c4106cd569bb9b0bd0415b9c113503a5dbdfb7025f87e6c221f569,2026-09-18T08:34:59+00:00,M1363141432LE.IMG
nac_sweep,M1467767085LE,https://pds.lroc.im-ldi.com/data/LRO-L-LROC-2-EDR-V1.0/LROLRC_0059A/DATA/ESM5/2024105/NAC/M1467767085LE.IMG,108901320,e63491430b522110798fe4591d82f0c5c8ace607d95ffa66b50d69d9948220e2,2026-09-18T08:35:09+00:00,M1467767085LE.IMG
nac_sweep,M1467767085RE,https://pds.lroc.im-ldi.com/data/LRO-L-LROC-2-EDR-V1.0/LROLRC_0059A/DATA/ESM5/2024105/NAC/M1467767085RE.IMG,108901320,9542fb26d2de83a6135f3b2f3ccad8a47a2876a496e428ff1d1f912dd66b2509,2026-09-18T08:35:20+00:00,M1467767085RE.IMG
nac_sweep,M1409124614RE,https://pds.lroc.im-ldi.com/data/LRO-L-LROC-2-EDR-V1.0/LROLRC_0051C/DATA/ESM4/2022157/NAC/M1409124614RE.IMG,132236232,16bac5e80471b236fac289d4726b34d2518559389ee6492054a98319db6d15c5,2026-09-18T08:35:33+00:00,M1409124614RE.IMG
nac_sweep,M1230506541RE,https://pds.lroc.im-ldi.com/data/LRO-L-LROC-2-EDR-V1.0/LROLRC_0029/DATA/ESM3/2016281/NAC/M1230506541RE.IMG,132236232,4f9dcd977d5ffe4d48a23a8ac20ff0bfb9a33b896cbf35bc7e122a1d6b13de93,2026-09-18T08:35:45+00:00,M1230506541RE.IMG
nac_sweep,M1199905934RE,https://pds.lroc.im-ldi.com/data/LRO-L-LROC-2-EDR-V1.0/LROLRC_0025/DATA/ESM2/2015292/NAC/M1199905934RE.IMG,132236232,df3bf95641eee241a6ba40ef1cd52e2a335f89db4cdd5b744473dadb5693f7da,2026-09-18T08:35:57+00:00,M1199905934RE.IMG
nac_sweep,M1506129486RE,https://pds.lroc.im-ldi.com/data/LRO-L-LROC-2-EDR-V1.0/LROLRC_0064A/DATA/ESM5/2025183/NAC/M1506129486RE.IMG,132236232,c5890e60a22d5bfdd030c9f368cc8d5577a13eabdc4feea557e195fbd9dc6cd9,2026-09-18T08:36:10+00:00,M1506129486RE.IMG
nac_sweep,M159642518RE,https://pds.lroc.im-ldi.com/data/LRO-L-LROC-2-EDR-V1.0/LROLRC_0007/DATA/SCI/2011130/NAC/M159642518RE.IMG,132236232,1b847e6de475afcb85accd8e1c0e6e161ac046759e16716806b1aba10a1f8491,2026-09-18T08:36:22+00:00,M159642518RE.IMG
nac_sweep,M159642518LE,https://pds.lroc.im-ldi.com/data/LRO-L-LROC-2-EDR-V1.0/LROLRC_0007/DATA/SCI/2011130/NAC/M159642518LE.IMG,132236232,613b548160af690cfea7a94e7ff25566bddc55f4b9757403ef0034b13f5a8fd9,2026-09-18T08:36:34+00:00,M159642518LE.IMG
nac_sweep,M1258737127RE,https://pds.lroc.im-ldi.com/data/LRO-L-LROC-2-EDR-V1.0/LROLRC_0032/DATA/ESM3/2017242/NAC/M1258737127RE.IMG,132236232,1ac4aae7bd786e6d10d29e4d1ba1b1e5e89dde38d2ab70ef0c7efa58f5c5c6a4,2026-09-18T08:36:46+00:00,M1258737127RE.IMG
nac_sweep,M1258744166LE,https://pds.lroc.im-ldi.com/data/LRO-L-LROC-2-EDR-V1.0/LROLRC_0032/DATA/ESM3/2017242/NAC/M1258744166LE.IMG,132236232,400009d08ddcc27ea3eb8f8f52791155142503c680a695d8c82c35f47837ebad,2026-09-18T08:36:59+00:00,M1258744166LE.IMG
nac_sweep,M1258744166RE,https://pds.lroc.im-ldi.com/data/LRO-L-LROC-2-EDR-V1.0/LROLRC_0032/DATA/ESM3/2017242/NAC/M1258744166RE.IMG,132236232,dc07264ae48e2718a5ab13c27141c1bc335ca5b358a3086051a624157b889e2d,2026-09-18T08:37:11+00:00,M1258744166RE.IMG
nac_sweep,M187919735RE,https://pds.lroc.im-ldi.com/data/LRO-L-LROC-2-EDR-V1.0/LROLRC_0011/DATA/SCI/2012092/NAC/M187919735RE.IMG,95937480,317eca0de4407591c2c7c41a3d61733b8dfbb53d3c0c6fe3a70f1faa4e206d11,2026-09-18T08:37:21+00:00,M187919735RE.IMG
nac_sweep,M187919735LE,https://pds.lroc.im-ldi.com/data/LRO-L-LROC-2-EDR-V1.0/LROLRC_0011/DATA/SCI/2012092/NAC/M187919735LE.IMG,95937480,773ffe1c0fc51285b0f62047b3d97f76e7de681bcf82ba4ccec81b7def01ad38,2026-09-18T08:37:37+00:00,M187919735LE.IMG
nac_sweep,M1531872919RE,https://pds.lroc.im-ldi.com/data/LRO-L-LROC-2-EDR-V1.0/LROLRC_0067B/DATA/ESM6/2026116/NAC/M1531872919RE.IMG,132236232,2c415dd34b1fc4ebb1f611c9fe0384ffccb5ebdf1a675f53127b5977e097754d,2026-09-18T08:38:09+00:00,M1531872919RE.IMG
nac_sweep,M1386611320LE,https://pds.lroc.im-ldi.com/data/LRO-L-LROC-2-EDR-V1.0/LROLRC_0049A/DATA/ESM4/2021261/NAC/M1386611320LE.IMG,132236232,48b485adf6dc59c65704abfcc17c9996477ababe5944f1f35a925611eabef801,2026-09-18T08:38:21+00:00,M1386611320LE.IMG
nac_sweep,M1116193706RE,https://pds.lroc.im-ldi.com/data/LRO-L-LROC-2-EDR-V1.0/LROLRC_0014/DATA/ESM/2013053/NAC/M1116193706RE.IMG,132236232,0bd7937680ce8491b82d448362a08096cc2e40413bba589461a300af590f8f7c,2026-09-18T08:38:43+00:00,M1116193706RE.IMG
nac_sweep,M1116193706LE,https://pds.lroc.im-ldi.com/data/LRO-L-LROC-2-EDR-V1.0/LROLRC_0014/DATA/ESM/2013053/NAC/M1116193706LE.IMG,132236232,d63769d5ea2dad64cc51e3097290ab01ca8449bb757d6493fbf1d6416f8a8054,2026-09-18T08:38:56+00:00,M1116193706LE.IMG
nac_sweep,M1144450555LE,https://pds.lroc.im-ldi.com/data/LRO-L-LROC-2-EDR-V1.0/LROLRC_0018/DATA/ESM/2014015/NAC/M1144450555LE.IMG,132236232,27abb6f1c8d58c3f310c5b41dc35e4e0bbacaf8930846f323564f7e34dfef599,2026-09-18T08:39:09+00:00,M1144450555LE.IMG
nac_sweep,M1113835448LE,https://pds.lroc.im-ldi.com/data/LRO-L-LROC-2-EDR-V1.0/LROLRC_0014/DATA/ESM/2013026/NAC/M1113835448LE.IMG,132236232,89464bb36c8456f2216c47c5a3e37dc7a2bda9600105dfad6d167b469aa18677,2026-09-18T08:39:22+00:00,M1113835448LE.IMG
nac_sweep,M1295016540LE,https://pds.lroc.im-ldi.com/data/LRO-L-LROC-2-EDR-V1.0/LROLRC_0037B/DATA/ESM3/2018297/NAC/M1295016540LE.IMG,64824264,2ef9908ba6ed1a16518163c32a0e6c15501a4f60d5a8d9ac5884329c4d6bf938,2026-09-18T08:39:29+00:00,M1295016540LE.IMG
nac_sweep,M1233889992RE,https://pds.lroc.im-ldi.com/data/LRO-L-LROC-2-EDR-V1.0/LROLRC_0029/DATA/ESM3/2016320/NAC/M1233889992RE.IMG,132236232,d9b3a34c292c4ae2f4e11cc0117d1d4099a7018da027fec3569481d2cf679518,2026-09-18T08:39:42+00:00,M1233889992RE.IMG
nac_sweep,M1369217819RE,https://pds.lroc.im-ldi.com/data/LRO-L-LROC-2-EDR-V1.0/LROLRC_0046C/DATA/ESM4/2021060/NAC/M1369217819RE.IMG,132236232,a84f6b8df000891f22e679b1b7492c2b5a67bbd3cca3f66124b9027537ba1cf0,2026-09-18T08:39:54+00:00,M1369217819RE.IMG
nac_sweep,M1369217819LE,https://pds.lroc.im-ldi.com/data/LRO-L-LROC-2-EDR-V1.0/LROLRC_0046C/DATA/ESM4/2021060/NAC/M1369217819LE.IMG,132236232,1bec98d4846b25678e618882e1a80c111f78654c74ee3be2a57659154b546bb9,2026-09-18T08:40:07+00:00,M1369217819LE.IMG
nac_sweep,M1126888182LE,https://pds.lroc.im-ldi.com/data/LRO-L-LROC-2-EDR-V1.0/LROLRC_0016/DATA/ESM/2013177/NAC/M1126888182LE.IMG,116679624,4011e0d7dda2ef3b23a9dd8228f6451824d37bd1bf28f9e97b6bae09d8667408,2026-09-18T08:40:23+00:00,M1126888182LE.IMG
nac_sweep,M1338673330LE,https://pds.lroc.im-ldi.com/data/LRO-L-LROC-2-EDR-V1.0/LROLRC_0042C/DATA/ESM4/2020072/NAC/M1338673330LE.IMG,132236232,11cf392a681c63ab917a3e519888d86dc5a6ea75534f0ff054e82dbed19b4538,2026-09-18T08:40:38+00:00,M1338673330LE.IMG
nac_sweep,M1338673330RE,https://pds.lroc.im-ldi.com/data/LRO-L-LROC-2-EDR-V1.0/LROLRC_0042C/DATA/ESM4/2020072/NAC/M1338673330RE.IMG,132236232,f5bb23149b0e66345c3c18d4a38dc0fd37637761b8db6f9cf4ed974b22d2865e,2026-09-18T08:40:53+00:00,M1338673330RE.IMG
nac_sac,M1350459544RE,https://pds.lroc.im-ldi.com/data/LRO-L-LROC-2-EDR-V1.0/LROLRC_0044B/DATA/ESM4/2020209/NAC/M1350459544RE.IMG,132236232,6a490c4a1cf54ae3ed28f556689f91d69e7efc827ed5811945c87bec2a3513b3,2026-09-19T05:55:09+00:00,M1350459544RE.IMG
nac_sac,M165491149RE,https://pds.lroc.im-ldi.com/data/LRO-L-LROC-2-EDR-V1.0/LROLRC_0008/DATA/SCI/2011197/NAC/M165491149RE.IMG,75195336,9442f0fc8b02cdf3decad2113aea477924c4983e90db5dd949adb685294d3f70,2026-09-19T05:55:17+00:00,M165491149RE.IMG
nac_ladder,M1382142111LE,https://pds.lroc.im-ldi.com/data/LRO-L-LROC-2-EDR-V1.0/LROLRC_0048B/DATA/ESM4/2021209/NAC/M1382142111LE.IMG,132236232,bd6fd5e54786774106858bc95c050b769404f573db1d1367d82d8a4adc968711,2026-10-01T14:27:06+00:00,M1382142111LE.IMG
nac_ladder,M1188200376RE,https://pds.lroc.im-ldi.com/data/LRO-L-LROC-2-EDR-V1.0/LROLRC_0023/DATA/ESM2/2015157/NAC/M1188200376RE.IMG,132236232,394c3b6c9ecc177a8180ac31b29c311fb1e9309551d211390e88729c9e15c889,2026-10-01T14:27:19+00:00,M1188200376RE.IMG
nac_ladder,M1249388815RE,https://pds.lroc.im-ldi.com/data/LRO-L-LROC-2-EDR-V1.0/LROLRC_0031/DATA/ESM3/2017134/NAC/M1249388815RE.IMG,264467400,5a4002867e3fa66876d6de425b5d722e89c7ff3bfd36319b79dedcc46b2fed61,2026-10-01T14:27:47+00:00,M1249388815RE.IMG
nac_ladder,M1527456612LE,https://pds.lroc.im-ldi.com/data/LRO-L-LROC-2-EDR-V1.0/LROLRC_0066C/DATA/ESM6/2026065/NAC/M1527456612LE.IMG,264467400,30a2f9e5dc87e7edbdc8594e09636c91bdcb8571176102036150b5b1e177f86e,2026-10-01T14:28:12+00:00,M1527456612LE.IMG
nac_ladder,M1295221357RE,https://pds.lroc.im-ldi.com/data/LRO-L-LROC-2-EDR-V1.0/LROLRC_0037B/DATA/ESM3/2018299/NAC/M1295221357RE.IMG,264467400,0740c34c24de9e68b2b23976878cc013a57b643555e71c9a4f351a59601b16e5,2026-10-01T14:28:37+00:00,M1295221357RE.IMG
nac_ladder,M1236429945LE,https://pds.lroc.im-ldi.com/data/LRO-L-LROC-2-EDR-V1.0/LROLRC_0029/DATA/ESM3/2016350/NAC/M1236429945LE.IMG,264467400,0d967a40da288a5f2574750e7c735ad05c5dd7ea057aa44680d9a9142e1a38fb,2026-10-01T14:29:01+00:00,M1236429945LE.IMG
nac_ladder,M1356313970LE,https://pds.lroc.im-ldi.com/data/LRO-L-LROC-2-EDR-V1.0/LROLRC_0045A/DATA/ESM4/2020276/NAC/M1356313970LE.IMG,264467400,aa2cd3f23359e674eecf569b72ba2d716bdec617b4abc4bf592675511c506aa7,2026-10-01T14:29:31+00:00,M1356313970LE.IMG
nac_ladder,M1468925984LE,https://pds.lroc.im-ldi.com/data/LRO-L-LROC-2-EDR-V1.0/LROLRC_0059B/DATA/ESM5/2024119/NAC/M1468925984LE.IMG,132236232,20863248fb1786494e23274fc37acaef24f2176379ce4ad2a748e63334b8a8f6,2026-10-01T14:29:54+00:00,M1468925984LE.IMG
nac_ladder,M1236436979LE,https://pds.lroc.im-ldi.com/data/LRO-L-LROC-2-EDR-V1.0/LROLRC_0029/DATA/ESM3/2016350/NAC/M1236436979LE.IMG,264467400,ac67b8a33ee4319b58051a37b0ea74c14ee907df2a5b3604c9c76c4fbaf9351d,2026-10-01T14:30:19+00:00,M1236436979LE.IMG
nac_siten,M1282456834RE,https://pds.lroc.im-ldi.com/data/LRO-L-LROC-2-EDR-V1.0/LROLRC_0035/DATA/ESM3/2018152/NAC/M1282456834RE.IMG,108901320,f128bc4b7dd2d5da70856492529e7ae1b1b8b8c4b79076bdf1c6ba2db663dd0b,2026-10-01T14:35:21+00:00,M1282456834RE.IMG
nac_siten,M1282456834LE,https://pds.lroc.im-ldi.com/data/LRO-L-LROC-2-EDR-V1.0/LROLRC_0035/DATA/ESM3/2018152/NAC/M1282456834LE.IMG,108901320,d2307fbcd73f89cf2a4b865df6f7621594dfb9fc6517b18c56cdba3c397cfd91,2026-10-01T14:35:35+00:00,M1282456834LE.IMG
nac_siten,M1445751927RE,https://pds.lroc.im-ldi.com/data/LRO-L-LROC-2-EDR-V1.0/LROLRC_0056B/DATA/ESM5/2023216/NAC/M1445751927RE.IMG,264467400,401c200dd54b9c8656ebfbd2d013f24a0a817bfceb92f1787f8579f7610875d6,2026-10-01T14:36:03+00:00,M1445751927RE.IMG
nac_siten,M1517068228RE,https://pds.lroc.im-ldi.com/data/LRO-L-LROC-2-EDR-V1.0/LROLRC_0065B/DATA/ESM6/2025310/NAC/M1517068228RE.IMG,264467400,f18c4166f4f392d7ea0e3734430f936043967a2b7ee1c02d255eac84b4daa970,2026-10-01T14:36:30+00:00,M1517068228RE.IMG
nac_flip,M1467772940RE,https://pds.lroc.im-ldi.com/data/LRO-L-LROC-2-EDR-V1.0/LROLRC_0059A/DATA/ESM5/2024105/NAC/M1467772940RE.IMG,264467400,4a828e6e222529270f698cb4c0eb11f4ba5de6156923170dbe2d558a862fd165,2026-10-01T14:51:56+00:00,M1467772940RE.IMG
nac_flip,M1335172151RE,https://pds.lroc.im-ldi.com/data/LRO-L-LROC-2-EDR-V1.0/LROLRC_0042B/DATA/ESM4/2020032/NAC/M1335172151RE.IMG,132236232,6fbb0f5301cff49841c2d2def9be9efc0675356e565e372e9c359f45479577b2,2026-10-01T14:52:09+00:00,M1335172151RE.IMG
nac_flip,M1508738205RE,https://pds.lroc.im-ldi.com/data/LRO-L-LROC-2-EDR-V1.0/LROLRC_0064B/DATA/ESM5/2025214/NAC/M1508738205RE.IMG,264467400,a789e43394a879fdc17864acc57fa4b483ff89a05b2fbaac0d442ca1fefba28c,2026-10-01T14:52:36+00:00,M1508738205RE.IMG
nac_flip,M1378641884LE,https://pds.lroc.im-ldi.com/data/LRO-L-LROC-2-EDR-V1.0/LROLRC_0048A/DATA/ESM4/2021169/NAC/M1378641884LE.IMG,264467400,fe031f416d7ba629fd53a1571e575f0eb37c15935256be01523afa7f6683b162,2026-10-01T14:53:00+00:00,M1378641884LE.IMG
nac_flip,M1506397068RE,https://pds.lroc.im-ldi.com/data/LRO-L-LROC-2-EDR-V1.0/LROLRC_0064A/DATA/ESM5/2025186/NAC/M1506397068RE.IMG,264467400,b3cc2023cc7c8b486f375c8351a352fd953187d0891d0ddcdaa45c57137a36d2,2026-10-01T14:53:23+00:00,M1506397068RE.IMG
